																																											
	67	68	30	31	33				53	69	36			70		39		34	35	37	38	40	41	42	44	45	46	66	43	32	47	48	49	51	52	54	58	57	55	59	60	50	56
Def	PCEMP	PMP	WAD	Ambai	Ansus (P&D)	Ansus (EG)	Pom	Serewen	Serui-Laut (slump)	KURUDU	Biak	Biak Betew (Mutus)	Biak Numfoor (Mandori)	Roswar	Roon	Dusner	Dusner (celd)	Arguni	As (ABVD)	Biga (rem)	Buli	Fiawat (fiawat)	Gane	Gebe	Kawe (rem)	Kowiai	Laganyan	Cebuano	Irarutu (Mats)	Ambel (rem)	Matbat	Ma'ya Misool	Ma'ya Salawati	Sawai (CAD)	Sekar (ABVD)	Taba	Wauyai	Waropen (held)	Umar	Yaur	Yerisiam	Moor	Warembori
1pl incl	k-ita	kita	tata	tata	tata		tatoru		tata	ami	ko	ko	ko	kon?	kon	ndoen		ite	ti	itba	ite	atne	kit	itne	ta'fat(a), tit(n)e	íta	itne		it	isne	ya¹²t	akne	akne	it	ita	tit	titne	iko	ete	o'	néeké	í'a	ki
1pl incl	1	1	1	1	1				1		1					39		1	35	1	1	2	1	1	1	1	1		1	1	2	2	2	1	1	1	1	1	1	1	1	1	1
1plexcl	kami	kami	ama-	amea	ama				ama	nami		nko	inggo	kon?	nggon	toen		ambami	am|ne	ambana, amon	ame	ame	am(e)	amne	amfata, am(n)e	am	amne		am	amne	ya²¹m	amne	amne	am	yami	am	amfata	ami, amo	em(i)	om(í'é)	nem, néemé	áma	ami
1plexcl	1	1	1	1	1				1							39		1	1	1,2	1	1	1	1	1,2	1	1		1	1	1	1	1	1	1	1	2	1	1	1	1	1	1
1sg	i-aku	i-aku	yau	yau	yau	yau	yau		yau	aya	yai	aya	aya	aya	ya	ya		embie	anɛ	ini	ya	ine	yak	ane	yene	laʔ	yene		já	yene	ya²¹k(a)	ene	ene	ya	yai	yak	yene	ra, ya	e, ene	ìgwá, ne	né	ígwa	iwi
1sg	1	1	1	1	1				1		1					1		2	2	2	1	2	1	2	2	1	2		1	2	1	2	2	1	1	1	2	1	1,2	1, 2	2	1	1
2pl	kamiu	kam(i)u	mia	mea	mia		mintoru		ma	awati		mko	mgo	mkon	mokon	mtoen		mbu|amu	mɔu		meu		meu	mevia						mewa	mi²¹n(a)		mi	mew	imi	meu		mu	amu	ámú'è	ánéemé	amù, mu'ó	mi
2pl	1	1	1	1	1				1							39		1	1		1		1	1						1	1		1	1	1	1		1	1	1	1	1	1
2sg	i-kau	i-kahu	au	wau	au	au	au		wau	awa	au	au	au	au	aw	au			awa	awa	au	aw	au	auya	wawa	au, o	awa		ó	awa	ya²¹w	awa	awa	aw	o	au	awa	auo	a(te)	a, á'è	a, àné	á	awi
2sg	1	1	1	1	1				1		1					1			1	1	1	1	1	1	1	1	1		1	1	1	1	1	1	1	1	1	1	1	1	1	1	1
3pl	sida	si-ida	sia	ea	ya		tioru		sa	manekripesi	si	tko (pcl), ti/si?	sko / si?	sia	si, na	si		sire	sia, sire		sil(e)	hane	si	sia	si(a), ha'fat(a)	si	hia		ire, írə	sia	hafo²¹	sia	sia	si	sina	si		ki	ihi	óhè	íníihí	ti'ó	ti
3pl	1	1	1	1	1				1		1					1		1	1		1	40	1	1	1,2	1	1		1	1	2	1	1	1	1	1		1	1	1	1	1	1
3sg	s-ia		andi, i	i	i		i		ia	i (wane)	i	i	i	i	i, ti, ri	ndi, i		i	ia		i		i	ia		i			i(a)	iya			ak	i	ia	i		i	ije	náràvè	ìní	î, ìjo	yi
3sg	2		1,2	2	2				2		2					1,2		2	2		2		2	2		2			2	2			49	2	2	2		2	3	59	3	2,3	2
above	bobo	bawbaw	vavo	aiayi	yei		ro wawonjei		babo		bo				bwo			apo		pa|pɔwɔ	popô		payau	la-ya		féfa			adietə, fəfú	-i					ami-nasin			[ru]bo	gan	jéhóojè	áihà	ravúana	
above	1	1	1	31	33		33		1		1							1		1	1		1	42		1			43	32					52			1	55	59	60	1	
adik			madiawi	roro-katui	mayapi	maiya	basar vehaho	neta vehaho	raro	mandukri		trar?		mawa?	mawari	srar													agafùtə										ekbav	náròo'ò	ráaó	raróti	
adik			1	2	1				2							2													43										55	59	2	2	
afraid	ma-takut	ma-takut	matai	matai	matai	matai	matai		maitai		mkāk				makak	mtat				mtat	am-cait			mtait		matatu			mta-t|e	n-amcát	sa²¹t		wa-m’ta12T					akako	mtat	gèé'rè	ngkáké	muká'a	avori-o
afraid	1	1	1	1	1				1		1					1				1	1			1		1			1	1	47		1					1	1	59	1	1	
all		temu	vura	tafau	kuira		kuira				kàm				tar	ndiar		fasigerig	faluʔ	baʃef	dumi	besih	hadumik	sef	basef	nabúna	basef		temebe	waybeyto	batu¹²p	base³f	baʃe³f		karagatuni	hasole	basef	kai	tam	dúu'rè	mónìhà	anu'ío	pasi
all		1	30	31	33						1					39		34	35	2	3	2	3	42	2	45	2		1	32	2	2	2		52	54	2	57	1	59	60	50	56
alone	kese		mesari	mesiri		mieri	mihari			dereri		y-emier	derer	yayer	mawor																									náamè	mángkéènè		
alone			1	1																																				59	60		
also			kota	kontai	toto		tatou									sok																							oro	gwérrè	dòrò	re'è	
also			1	1	33											39																							55	59	60	50	
anchor			kamita	kamutun	kamutu	kamutu					kàmutu				kamutu												su												kamutu	àmùtùuvré	kámútúuve	kamitúa	avori-o
anchor			1	1	1						1																46												1	1	1	1	56
and	ma	ma	ma	mae (S)		ko	kon		ma	tutre	ma	i-fnouk? Ma?	ma	na	kuker	me	erve				re		de			ia, nata			ner(e)							lo		ma		ènèhě			tu
and	1	1	1	1							1					1					38		41			45			43							54		1		59			
angry			kasio	kasau			iha		kaisau	wertndo		ya-mtoer	ya-rmomen	ay-msor	mosor	arsai	endiyarsaituter															ga¹²t	ga¹²t						niai	hnáu'rè	mátúùnè	rorarî, tohamî	dore
angry			1	1					1							39																48	48						55	59	60	50	
ant			anana	anana	anaana	asoaŋ	asowa		anana		anir				kanir														fírə					som					nine	réndìiré	ánííní	rìrama	
ant			1	1	1				1		36																		43					51					1	59	1	50	
ash	qabu	qabu	wabu	kaŋgana	wawu	wavu	wavu	wavu	wawu	pinse	pàt	fafen	woref (fafen= stove?)	fafen	for yuv			avu|ne	yap-apin	kalap	gigiláp	alap	tapin	ba|yap	abif(i)	tuga	galap		tugwane	lagalap	sapa⁴¹nsi	galala¹²p	galala¹²p	gɛyap	afiruk	yapyap	galap	awu	au	gwép née'rè		áha	aivu-ro
ash	1	1	1	31	1				1		36							1	1	1	1	1	1	1	44	1	1		43	1	47	1	1	1	1	1	1	1	1	59		50	1
ask		kutaña	uta	utan		utaŋ	oitan		utana		f-ukěn				fuken	putna					fa-utan																		hinto	hùhùú'ré	àhàhú	u'uná	
ask		1	1	1					1		1					1					1																		55	59	59	1	
at/in/loc	di	di, dalem	na, raro	na, we, roron	na, we, raroŋ	raro	ro		na, raron		be, ro				ro	ve, ro		ramo	nulum	malaman	mali, loló		li	i-lalɔ		na			ne	po, lo	do²¹				ami-nanam	li		na, we	te	ódògrè	námóoné	na	mundiu-ro
at/in/loc	2	2,5	1,5	1,3,5	1,3,5				1,5		3,5					3,5		34	35	37	2,5		2	5		1			43	5	47				5	2		1,3	55	59	60	1	56
back (anat)	mudi		karu	kuruu		karu(m)puaŋ	karupe				kru, uta				koruri			(i)umbasi	uaɛ		tao		bawai			aʔaera rur			fúgíe	i-káyte	sabɔ²¹m		mu3l		tawana-n	taggulo		ruai	uten	já'rè	hítáaráà	tama'òro	ke-bonggombo-ro
back (anat)			1	1							1,3							34	2		38		41			45			43	32	47		49		52	54		2	3	59	60	50	56
bad	zaqat	zaqat	kariria	kerira	moiawa	mioya va				dodaw	bàrbòr	i-karfiwa	na-byeba / na-pyumba	ribyeba	vie va			ofi	fi-ga	fi sapɔ	mayay		lekat	lɛ		nogatéi, sumángga			fìtə, kabia		fa¹²¹		le12K		finta	gaco			kia	gógéejè	kájáké	javà, veré'a	taka-ro
bad			1	1	33						36							34	34	34	38		41	41		45			43		47		41		52	54			55	59	60	50	56
banana		punti	nando	rando	nando	nando	nando		nando	manderi	byef	imbyef	imbyef	mvief?	vyef					tal		tal			tal(a)	fun	tatl(a)		fúdə	tal	ya³w	tala¹²	tala³	lokɛ (bao)			tatl(a)	ui	idi	ìdíe	píití	húta	uti-ro
banana		3	1	1	1				1		36									2		2			2	3	2		3	2	47	2	2	51			2	3	3	3	3	3	3
bathe			kubira	eriai (S)	kuwera	kuira	hoiv		kobira	syawi		y-at	ya-masi	we-masi	masi																								du	dùpìíre	hóu	marìvu'a	asi-o, matin-do
bathe			1		1				1																														55	55	60	50	
bean			kavaru		kawaru	kawaru	kawaru		kawaru		abru				kavorur																		palyu³						kvaru	óvárùuré	kávárúùrà	urá	
bean			1		1				1		1																						49						1	1	1	50	
bee, wasp			anibar, maniai	aniwa	andiwa	andiwa	andiwa			antup	mniwěr	nyiwer	mniber	mniber	maniver														tífənə		sanɛ3m		ni21’pi3 n	pɛʔplɛn					von	nìjé	kénébà níainé	mananíva	
bee, wasp			1,2	1	1						2																		43		47		49	51					55	2	2	2	
behind (dir)			pui		repui		karipui								ripur, voropur	pur													mɯ́rə										kirvi	é'áa'rè	hóománà	hahú	
behind (dir)			1		1											1													43										55	59	60	50	
belly, stomach, guts	tinaqi	tinaqi, kempung	sane	ene	aneu	aneŋ	hanewai	haniwai	ane	sine	snewar	hnewar	snewar	sne	sene			sige	nipu	nia	hñao	na	tutu	hñao	anyay(o)	ambun	anyay(o)		fta-tene	nyay	sapa²¹w	na(o)	na(o)	sno	bitua-n	bingo	knnyay(o)	nina	hna	hnáarè	hìná	siné	ke-waro-ro
belly, stomach, guts	1	1,2	1	1	1				1		1							34	35	1	1	1	41	1	1	2	1		1	1	47	1	1	1	52	54	1	1	1	1	1	1	3
below	i babaq	i-babaq	vava	dombau	umbau		ro wombau		umbau		babni				sob	vav		pepene		pa|pɔ	pāp		poli	la-pa		(na) tifàa			e-və	mu	papa³p		pa¹²p		ami-boban			ghero	vahi	éegwàjè	káaná	hànuna	
below	1	1	1	1	1				1		1					1		34		1	1		1	1		45			1	32	1		1		1			57	55	59	60	50	
betel nut		buaq	sawu	aunai	awu	awu	havui		anoai	wen	berén	beren	ropum	veren	veren					gey					macu		amcu			ɟey	mo⁴¹n	kamaʃu³	kamʃu³				kamcu		hae	dèríe	háù	húra	dipi-ro
betel nut			2	2	2				2		36									1					3		3			1	47	3	3				3		55	59	2	50	56
big			baba	baba	beba	baba	vawa			kiba	ba	iba	iba	ribwa	bua	romansar, vua		matuʔen	kandɔ	paley	mamagal	peley	loál	pial	pale(y)	nabéti, ruruwén	pale		nabade	anlal	li¹w	pale³	pale³	n-pɛlɔy	mageːn	bakan, lollol	pale	ba(wa)	kakora, knae	nébátúe, gójàagwè	òpó	emevà	pita-ro
big			1	1	1						1					39		34	35	3	4	3	2	3	3	45	3		1	32	47	3	3	3	4	1, 2	3	1	55	1	60	50	56
biji sirih			rema buo	rema	rema	rema (boŋ)	niaimo		remah		nān				nian					utum		wotum			nyana		nyan(a)			nyan	na¹n	nyana¹²	nya¹²n				nyan(a)		nian	òdrògré	náríníànà	inána	nan-do
biji sirih			3	3	3				3		1									2		2			1		1			1	1	1	1				1		1	59	1	1	1
bird	manuk	qayam, manuk	aya	man	aya	aya	andowa		aya	diu	man	man	man	man	man			mani	mani	mini	mani	min	manik	mnai	ta pyop(o)	manuʔ	min(i)		mánə	mani	ipo	mini¹²	mini³	manɛ	manik	burung	min(i)	mani	mna	mà'ré	máanáà	mànu	mani-ro
bird	2	1,2	1	2	1				1		2							2	2	2	2	2	2	2	44	2	2		2	2	47	2	2	2	2	54	2	2	2	2	2	2	2
bite	kaRat	kaRat	karipe	kiri	kari	kari	ayat		karifi		ark				rek			ret	lis	awut	oŋ	l-ewot	pakat	kɔŋɔt	aot(o)	ara	aot(o)		mə|gor	l-asak	n-a²¹t	w-akao¹²t	w-akao¹²t		kiki	babas	aot(o)	afano	wat	júu'nè	áaká	a'ì	paM-e
bite	3	3	1	1	1				1		3							34	35	4	5	4	5	5	4	45	4		43	32	2	4	4		52	54	4	57	2	59	2	2	56
black	qitom, qétom	qitem	meta	nu|meta(n)	metaŋ	mietaŋ	vemetaŋ		numeta	mimer	paisěm	i-paitem	paisen	we-fnuwer	mekem			udude	matɛm	mabis	gogó	mehbih	kidkuda	karud	amgum(u)	ma-étan	matme'tem		gr(ə)mútənə	amatem	kabi¹²t	mat'mete¹²m	mat'mete³m	n-bɛblatɛ	kudkuda	kuda	matme'tem	meno	rirbo	ríìre	áhíirí	vuatî	mamani-ro
black	1	1	1	1	1				1		1							2	1	3	38	40	2	42	44	1	1		1	1	3	1	1	51	2	2	1	57	55	59	60	50	56
blood	daRaq	daRaq	riate	rika	ria	ria	marou	maro	riaat	manda	rik	riek	rik / rike	rik	rik			rare	lamɔs	lomos	la	ləmoh	git	la	lyaf	rara	lomoh		wáməsə	lomo	pe¹w	lomo¹²s	lomo³s	lɛlɔ	rara	llo	lomo	rara	nuhra	jìtré	rárà	ràra	ke-ra-ro
blood	3	3	1	1	1				1		1							3	2	2	3	2	41	3	44	3	2		43	2	47	2	2	3	3	3	2	3	3	41	3	3	3
blow	upi, hiup	hiup, tiup	bub	bui	burari	buanam, bui	wui	itavuŋ	bui		uf				forov			sera	nus	auf	uf		ufu	nuf		útun			nufə	n-aw	ba⁴¹		-bo3T		afasar	uho		ufa	vruah	jú'é'éenè	hóvà	umî	yuambi-o
blow	1	1	2	2	2				2		1							34	35	1	1		1	1		45			1	1	47		49		52	1		1	55	59	60	50	56
blue/green	mataq	mataq	kake	keke	mekae	mekae	vemakai, vekakeha		kiay	kikes	màndumèk	i-rumek	rumek (potential separate blue term ramdamen, but unsure)	we-weruaren				sasioror	manis	bala	bisbis	melaw	biru	hijau	mala(o)	mamáta	mala		məmatə	ambyau	bla¹²w	mala³	mala³	n-bɛsbɛs	matmatak		mala	kakesio	mkat	máa'rùrìe	ahir mákmáaká	ma'ama'î	mamasi
blue/green	3	3	1	1	1				53		36							34	35	2	38	2	41	42	2	3	2		3	2	2	2	2	38	3		3	1	1	3	3	3	56
body, flesh, meat	isi		tarai	tarai	tarai	nentarai	nutarai	(we)nutarai	tarai	nutra / tra	kraf	baken, kraf	baken / kraf	krafauna / kraf	karaf			dagim	nuana	wanat(o), dagim	wàŋat	wanat	wontu	waŋat	awanat	ses	awanat		təní	wanat(i)	ŋa²¹t	wana¹²t	wana³t		isi-n	wokno	kawanat	ado	trai	báakánà	krádìa	tura	nu-ro
body, flesh, meat			1	1	1				1		1							34	35	2, 34	2	2	2	2	2	45	2		43	2	2	2	2		52	54	2	57	1	59	60	1	56
bone	duRi	tuqelan, duri	sina	ina	ina	neina	nehina	nehina	ina	prai	kor	koer	kor	kor	kor	tor		tor	taɔ	kabom(o)	loŋ	abom	moma	kalɔŋ	abom	rur	abom		rure	kabom	bo²¹m	kabo¹²m	kabo¹²m		ruri|r	yoyo	kabom	kori	tor	òórè	kóovárà	òro	ke-kombo-ro
bone	3	2,3	4	4	4				4		2	2	2	2	2	2		2	35	1	2	1	41	2	1	3	1		3	1	1	1	1		3	54	1	2	2	2	2	2	56
branch	saŋan	saŋan	rawan	arawan		arawan	ayahai		arawai		snau				sanau						maglo		kakolu			sang ai			erànə	kóp	ŋa²¹l		ka ʃa¹²n	sɛŋsɔŋ	saga-n			oa	gehia	hàgwàáré	áháháagwà	ùvu	
branch	4	4	31	31					31		36										38		41			4			43	32	47		49	4	4			57	55	59	59	50	
breast	susu	susu	susu	ui	u				su	rokre / boh	sus	anderkoer / tut	anderkor	ander / von				sus	sus	sus	sus	suh	susu	sus	su	sus	tut		susu	su	su³	su³s	su³s	sus	susi	susu	su	susi	huhu	súhìe	húuhúgùa	túta	ke-tutu-ro
breast	1	1	1	1	1				1		1							1	1	1	1	1	1	1	1	1	1		1	1	1	1	1	1	1	1	1	1	1	1	1	1	1
breathe	ma-ñawa	ma-ñawa	surap	aiou		aseŋ	hasen				mnasu				so sasen			binapes		nafas	fawa		manou	fa|ñawaya		sa'a la'esa			me|sagwe						seg	manowo		sasi	urojae		urá nsì ómóománà		
breathe	1	1	30	31							1							34		37	38		1	1		45			43						52	1		57	55		60		
burn	tunu	tunu		nunun	nunuŋ	rapa	paruar				kun				kun					l-agi'nim, n-amat	mgini	l-eʔlah	slai		ablay, nyamat	talaf	nyamat			anan, asabyay	pa³n	wagini³m, ny-ama¹²t	ny-ama³t		agrasa	magesay	w-asablay, nyamat	rapari	an	àágrè, 'úndè	íaané, kúuna	'unî	kuni
burn	3	3		3	3						3									4,5	4	40	41		2,5	45	5			1, 2	1	4,5	5		52	54	2,5	57	1	1,3	1,3	3	1
butterfly			apopi	apopa, kamambo	apopa	apopa	apopa		kamambo		àpòp				manipopi					kalabu'bun	aibobaŋ	karobum			(l)abyo'bon		abyo'bon		apápro	kababat	wa³bi³m	kala'byobo¹²n	kala'byobo³n	kalɛbobɛn					kuber	mámúù'ré	kápóòpà	gwarimamó'a	
butterfly			1	1,2	1				2		1									3	1	3			1		1		1	32	47	1	1	1					55	59	60	50	
buy	bəli	beli	vori	worir		vori	awayaŋ	avai	wori		kòběs				koves			taʔun		sili	gon		tua	tukal		manggúr			mə|gu-rə	síri	ɔ²¹p				toin			owuko	tuat	úuhnè	áahè		
buy	1	1	1						1		36							34		37	38		41	42		45			43	37	47				52			57	41	59	60		
call			sau	saku (S)		au	hahau		au						or, yap	or																							otnai		díóí	orî	
call			1	1					1							2																							55		60	2	
canoe	waŋka	waŋka	wa	wa	wa	wa	wa		wa	wa	wa(i)	wai	wai	wa	wa	wak													jú	wan	wa³ŋ		wa¹²k					gha	naven	vìgré	gwáà	gwá'a	wa-ro
canoe	1	1	1	1	1	1	1		1	1	1	1	1	1	1	1													43	1	1		1					1	55	59	1	1	1
carry 		watang, baba	bai	baki	bo	ko	kotaveri		anoi	?	wer	y-uen	d-une	buar?	βar						wataŋ					na-fafa				n-al	ne¹n		-di12K					awaro, wawo	bav	ìné	áarí	ovarî	wai
carry 		4,5	1	1	33				53		36										4					45				32	47		49					36, 45	55	59	60	36	
cassava			timuri	timuri	timburi	timburi	timbu				fàrkia timór				timur														siniéfə										timuri	tìmùrìivré	timor βua	timùri	timori
cassava			1	1	1						1																		43										1	1	1	1	1
cassowary		kasuaRi	woŋgei	man-soari	worawai	worawai	maswar			maswar	manuswar, wònge	?	manswar	mansuar															jamú	mani lál	lɔw¹²							saro	homia	tòpàavré	ópíà	atúara	suan-do
cassowary		1	2	1	33						1,2																		43	32	47							1	55	59	60	1	1
casuarina tree		(q)aRuhu	ai yarou	ai-yaru		ai yaru					yar				ai kasuari																								jaru	jármùríe	hákíikárà		casuarina tree
casuarina tree		1	1	1							1																												1	1	60		casuarina tree
cat			niau	neki	nau	nau	nau		méki						nauw																			boki					nao	nàovré	náò	katarúma	
cat			1	5	1				5																									51					1	1	1	50	
cheek	papar		tarare	tara-reai	tarandeu	tarandei	tararei		tararei	woro		fofer	knafofer	fofer	fofer																								gaiden	ávájè	táagwánà	ì'o	
cheek			1	1	1				1																														55	59	60	50	
chicken		manuk	kokori	man-kukei	maŋkuei	maŋkuei	maŋkokei		mankúe	kokor	mankòkò	mantangkeyen	manggoko	kokori	kokori														kókrə	takék	takɛ¹²k		take¹²k			manik		mani	kokor	ò'òré	kókórvè	kokó	kue
chicken		2	1	3	3				3		1																		1	32	32		32			2		2	1	1	1	1	
child	anak	anak	atuma	antun, arikaŋ	kumai	kumai	roumawa	romawa	antum, ariaŋ	antukri	òkir	mkun	romawa	romkun	romaw	mtu, komoi	vemow	gamimi	lɛŋke	wa-ka	ntu		mtuna	awai		lámtút			mo	we, mákay	wa³y		kacu³		kukanak	mtu		tutu	ariatun	ágò	háahú	mà'una, komòi	make-ro
child	2	2	1	1,3	33				1,3		36					1,33		34	35	37	1		1	42		45			43	32	42		49		2	1		1	3	59	60	1,33	
chili pepper			marisia	marisani		marisaŋ	marisan				marisàn				marisan														gigisí										kimbo	ìmbòovré	kímbóovè	sambá'u vó	chili pepper
chili pepper			1	1							1																		43										55	55	55	50	chili pepper
choose	piliq	piliq	iri	(r)iri		iria	riri		iria		sra				kifir			pili		fihi	fisan			fisa		pil			bi-rə						fini			maŋgura	ariri	jéeníné	váváné	irá	
choose	1	1	1	1					1		36							1		2	2			2		1			43						1			57	1	59	60	1	
climb	sakay	sakay	sa	auta		veita	oita				aber				vai, sa			u-sua		sa	dawil		sapak	sa		sa'a	sak		mietə	sá	ha³	sak	sak		sa						tóbíà	tuá'a	
climb	1	1	1	31							36							34		1	38		1	1		1	1		43	1	1	1	1		1						60	50	
cloth			serei	kavui	irei	irei	harire	harire	pimuma						sit														efítə										hereu	hèràuvré	kánsíijà	seregwía	doi-ro
cloth			1	31	1				53																				43										1	1	60	1	56
clothes	malaw		sasu	ansun (S)	asuŋ	asun	hasumbaran	hasun			mār, sansun				sasun	sasun					māl								frəmí				san'su³n						hahun	hìvò'ré	kànsìomúa	raresúna	
clothes	2		1	1	1						1,2					1					2								43				1						1	59	60	1	
cloud	taqe ni laŋit	Rabun	arepa	rarika	pipapa	mandipi	mandep		raria	mandep	mandif	rep	reb	fnuver?	repevar		diyawer	ta	matɛm	met	mēt	mit	malukut	miɛt	met	loftaí	met		tajé	mandep	ya¹²ŋ	me¹²t	me¹²t		dirite	mayas	met	arepa	kmuae	rìiré	ráríijárà	rīra'a	manggamba-ro
cloud	3		1	5	33				5		2							3	35	4	4	4	41	4	4	45	4		3	2	47	4	4		52	54	4	1	55	5	5	5	56
coconut		niuR	aŋgadi	ankadi	aŋgadi	aŋkadi	aivuoŋ		aŋkari	aŋadi	sra	trai	srai	srai	sarai von					ni		nyuw			nu	niu(r)	nu		umági	kowt kapyuy	nu¹	nu¹²	nu¹²	niwɛ		niwi		niwaro	mahrae	àhèríe	núì	néra	nuan-do
coconut		2	1	1	1				1		36									2		2			2	2	2		43	32	2	2	2	2		2		2	55	59	2	2	2
cold	ma-dindiŋ	ma-diŋdiŋ		ikararutu	dea	dea	parare, pariman		kararutu	teitei	prim	i-priyem	i-pnunek	wepre	perim			popwat	pɛrim	kabutu	mairiŋ	eblut	makufin	mijiriŋ	maririn	rídin	maririn		ridənə	kabyot	lo¹²t	kabloti¹²	kabloti³		ma|dirig		mari rin	fefe	drin	váandò'rè	mámbóoráké	venína	pere-o
cold	3	3		2	33				53		35							34	35	1	3	1	41	3	3	3	3		3	1	1	1	1		3		3	57	3	59	60	50	56
come, to here	ma(R)i	maRi	ma	(ra)ma	(ra)ma	rama	ramane		ra-ma	rama	(ra)ma	ya-rama	ryamuma	we-rama	rama	ma		ma	ma	mate, bot	ma	but	wom	eo pelma	but	ba	but		má	la-dok	bo³t	bo³t	bo³t		ma	wom	but	(ra)ma	rma	rèérè		ráma	da-mo
come, to here	1	1	1	1	1				1		1					1		1	1	1,3	1	3	4	42	3	45	3		1	2	3	3	3		1	4	3	1	1	2		1	1
correct	bənər		tindia	tarai	mai	piboki	mahi				kàku				kaku	tatu		marore	malɔʔ	mɔlde	molaŋ		hatú	cu		dóma			vitue	cu	ba⁴¹		mato21’lo3N		tutu	tuo					mìtìkú	jitarî	
correct			1	31	33						36					2		34	35	38	37		2	2		45			2	2	41		49		2	2					2	50	
count	ihap	ihap		ator	tora	etora	ato		dato	tyor	kor	ya-kor	ya-kor	we-kor	kor			uferam	wanɔs	awuf	etaŋ		hayofan	tɔŋɔ		reun			efə	teten	yɔ²¹p				yaf	yohan			tor	túurnè	vóoi	ivunà	
count	4	4		1	1				1		1							34	35	37	38		41	42		45			43	38	4				4	4			1	1	60	50	
cry	taŋis	taŋis	sais	i-sai	ai	ai	vori		sai	syaiso (3sg)	kaněs	ya-kanef	ya-kanes	?	veyov	yob		tagis	tanis	tinis	taŋis		tangis	tenis		tagis			me|tage	na-táni	ŋa¹²		m-t-y-i21‘ni3s	yɔwɛn	tagis			anisa	tat	èéhré	káhé	ànita	atino-ro
cry	1	1	2	2	2				2		1					39		1	1	1	1		1	1		1			1	1	1		1	51	1			1	55	1	1	1	56
cut	tətək	tektek	kutu, pera, tara	kutui, feran	tekutu, pera	peraŋ	peran		kutu		karuk				karuk	kut, totkut		orar	wɛʔ	kut	ab		tipal	aspei		go			ma|totə	n-alep	tɛ²¹l		se¹²n	n-čɛlɛp	ois	hola		oba	utu, tarto	éerùhnè	ká róokáté	tagwì	teme
cut	43	43	1,2,55	1,2	1,2				1		36					1		34	35	1	38		41	42		45			43	32	47		49	51	52	54		57	1,55	59	36	50	
day	qaləjaw	qalejaw	raria	aha	anei	a	hani		raida		ràs				ras	syar	sya	damere	nan	mañan	wōl	yahan	balantu	alwol	yan	óra	lya		rere	layntay	la¹²¹	lyasa¹²n	lasa³n		re|rera	ngan	lan	saro	ire	òjóhrá'è	áráh	oro'á	
day	4	4	1	3	33				1		36					39		34	2	2	38	3	41	42	3	4	3		1	32	3	3	3		1	2	3	57	1	59	60	4	
die, dead	matay	matay	voru	mireka	kada	kada	karia		marea	kimara	mār	i-mar	i-mar / marmar	we-mar	mar	mkar, ro		mat	ma-ʔ	mat	mat	mat	mot	mat	mat	máta	mat		mátə	la-mat	ma¹²t	ma¹²t	ma¹²t		warag	mot	mat	fero	mat	mèé'rè	máàkè	má'a	pere-yo
die, dead	1	1	30	2	33				2		1					39		1	1	1	1	1	1	1	1	1	1		1	1	1	1	1		52	1	1	57	1	1	1	1	1
dig	kali	kali	sarai	arai	irai	yirai	vai		arai		èr				rai			ʔe	kail	kalɛ	tiu		ólai	alai		ári			mə|garə		le¹²¹y		ka21’li3	n-oylɛ	kani	pait		ei	hrae	éhnè	éerá		ka-yo
dig	3	3	1	1	1				1		36							34	35	3	38		1	1		3			3		1		3	1	3	54		57	1	60	36		3
dirty	ma-qitəm		rariai, verariate	rarika	koturo	keraria	karariha			pesas	akěm	saprop	radir (byeradir)	remamas	mamas				lali	kotor			lila	masəlɛmɛt		otor			fise	maria	sɔ¹2m				budam	kabót		werira		òotòrè	óráríijárà	verìra'a	
dirty			2,1	2	33						36								2	33			41	42		33			43	32	47				52	54		1		33	2	1	
dog	asu	asu	wona	wona	wona	wona	wona			una	naf	nofan	rofan	nyaf	nyaf	nap		afun	mɔ	yes⁶⁵	fun	hewu	yo	kablei	abli	afúna	abli		fúnə	ayi	ye¹²m	ye³s	kable³	yaw	yasi	nyo	kabli	una	vaen	gwèndíe	náà	áuna	mena-ro
dog	3	3	1	1	1						1					1		1	35	4	1	40	2	5	5	1	5		1	32	47	4	5	2	3	2	5	1	1	59	1	1	1
dream	mipi	h-um-ipi	ena mia	miai		emi	mi		enami	iniw	mafu	ya-mafu	ya-mafu	?	mafu			sinin		mñal	mafŋél		bibúf	masŋel		sasúfa			ginə-mesi	amnýal	na¹²l		ma-ma‘nya3l		nifi			anina	nemde	índíivrè	mí	enamí'a	
dream	1	1	1	1					1		5							34		5	5		41	5					43	5	5		5		1			57	55	59	1	1	
drink	unum	inum	unu	i-unu	anuŋ	unum	unum		unu(ŋ)	dur	iněm	y-inem	y-inem (1sg)	winem (2sg)	inem	inem		umun	nim	i'nim	dom	enim	imin	dom	dum	in	w-inim		gin[e]	anum	n-ani²¹m	w-ini³m	w-ini³m	inɛm	nim	imin	dum	una	umen	rùmné	íimáné	anumî	mini-ro
drink	1	1	1	1	1				1		1					1		1	1	1	2	1	1	2	2	1	1		1	1	1	1	1	1	1	1	2	1	1	2	1	1	1
dry	ma-Raŋuʔ	ma-Raŋaw	sanaia	arahiai	yenayu	yenaia	hanaya		sanaya		miaïs				syor		isijum	mer	mɛ	metɛn	māŋ	meten	gamós	maŋ	meten	nama-ráwar	meten		məma	ame	mo¹²w	mete¹²n	mete³n	n-maŋ	atetar	gamós	meten	fono	mare	màahré	méhé	araria'î, maruatî	bururandi-o
dry	7	7	1	5	1				1		36							7	2	6	7	6	3	7	6	45	6		43	2	47	6	6	7	52	3	6	57	4	8	8	4,5	56
ear	taliŋa	taliŋa	tarakondi	tara	tarau kambirie	tarakambrei	taradiaun	tarandiau	tara	train	kna	knamin	kneram	kna	kana			etiga	tana	na(o)	kaño	tena	tinge	kahña	tana(o)	teriga	tana(o)		təgrá	talamtum	ŋa²¹bin	tana(o)	tana(o)	tɛtaŋ-ɔ	taniga-n	baibiyo	tana(o)	na(ro)re	gowae	áríajè	tánábùumè	ìna	ke-raran-do
ear	1	1	1	1	33				1		1							1	1	1	38	1	1	38	1	1	1		1	1	47	1	1	51	1	54	1	57	55	59	60	1	56
earth/ground	tanaq	tanaq	kakopa	kahopa, kakofa	kakopa	kakopa	kakopa		kakofa		sàpròp				sop	dunia		mbose	guʔ	gagoʔ	rakrak		gigyát	batbat	abat	tanóm	abat		mifre	bat	ba³t	ba¹²t	ba¹²t	bɛt-bɛt	ropak	daddoba	kabat	ana		héejà ógrè	nánóòvà	sàra	earth/ground
earth/ground	57	57	1	1	1				1		36					39		34	35	35	38		41	2	2	45	2		43	2	2	2	2	2	52	54	2	57		59	60	50	earth/ground
eat	kan	kaen	api	ampi	ampi	aŋ, ampi	aŋ, ampi	aŋ, ampi	an	bampi	ān	ya-nan	yanan (1sg)	byando (3sg)	an(do)	an		madenan	aʔ	l-a, apon	an	l-a	fon	anan	w-a, apon	a yeta	w-a, w-apon		ga	l-ey, l-anan	n-a²¹, n-a²¹pon	w-a, w-apo¹²n	w-a, w-apo¹²n	n-ɛ-mnɔm	an	ahon	w-a, apon	ano	anna	jènáe	àná	anî	an(e)
eat	1	1	1	1	1				1		1					1		34	2	2, 3	1	2	3	1	2,3	45	2,3		43	1,2	2,3	2,3	2,3	51	1	3	2,3	1	1	1	1	1	1
egg	qatəlur	qatelur	ponori	neibo	ne woŋ	newoŋ	nebuoŋ		ayabon	antor	pěnor	pnoer	pnor	pnor	ponor			ude	talɔ	tolo	tolo	tol	toli	les	tol(o)	tóron	tol(o)		trú	talo	to¹²l	tol(o)	to¹²l	bɔn	bati-n	tolo	tol(o)	koiwo	tor	òórè	ákóoré		man(i)-indowa-ro
egg	2	2	1	31	33				51		1							34	2	2	2	2	2	42	2	2	2		2	2	2	2	2	51	52	2	2	57	2	2	2		56
eye	mata	mate	re	ure	reukami	reŋkami	remo	iremo	(ru)re	bokmi	mga	mkamor	mgamor / mkamor	andar	maka			taputu	kapuʔ	ta kaus(o)	mta	ta	mto	nta	to bul(o)	matafut	ta abul(o)		mətíe	taɟi	mana²¹	ta kabul(o)	ta(o)	mtɔ	batibati-n	mto	ta bul(o)	kambeisi	mta	gámóogrè	húrà	masina'ú	ke-va-ro
eye	3	3	1	1	1				1		3							34	35	2	3	2	3	3	2	3	2		3	2	47	2	2	3	52	3	2	57	3	59	60	3	56
fall			tawa	tawa	tawa	tawa	hu				měmgokéf				pi				mdɔl	tak	pawil		mtat	sobi		dai			mə|titi	na-mdól	dɔ³l		do3l			(ha)mtat		mo(ko)	trier	īinè	íeeráà	aramátù	dapen-do
fall			1	1	1						36								35	37	38		41	42		45			43	35	35		35			41		57	55	59	60	50	56
far	zauq	ma-zauq	woroi	waroi	woroi	woroi	woroi		woroi	suap	binkwaïm	i-binkwaen	binkwane / swafe	ko-kirwekwan	biŋguan	risamko		dawan	ilao	lila	 lau		 lou	lau		sor			nero		mala³w			lɔw	bair	nalou		teka		ópàa'rè	kàbá		kokari-o
far	2	2	1	1	1				1		36					39		34	2	37	2		2	2		45			2		2			2	52	2		57		59	60		56
fat/grease	meñak	meñak	vemai	main	mai	nemain			maien	man	màfěn	iba?	ibaba / bob	mafen	mafen, buaratan					mana(o)	mna	mena	gaji		mana		mana			ialew(i)	mna¹²	mana¹²	mana³		mininak	gaji	mana	mana	mnai	mnáarè	mìmná	mananá	
fat/grease	1	1	1	1	1				1		36									1	1	1	2		1		1			32	1	1	1		1	2	1	1	1	1	1	1	
father	t-ama	baba	tama, yai	dai, tama	idadi	tamamui, yai	yai	aisinaŋ		ita	kěma, yàï	kma / sinan	kamam	kma	kama	tma, atai		baba	man	mai	hmā		bapa	mam		yai			adíe	i-má	ma³m, ba¹²p		a21‘ba3		yama-n	baba(si)		daidai, imai	tatai	dáì	dáíì	dai	ai
father	3	1	3, 5	2,3	33						3,5					3,4		1	35	3	3		41	3		5			43	3	1, 3		49		3	1		2,3	4	2	2	2	5
feather	bulu	bulu		kararoa	netui	netuiŋ	andowa rawa		numbaboru		bur				mambur			pupure	pərun	kanun(o)	plu	enun	longku-longku	gof	tapla	fur	apnuni		fou	kaprun	napo²¹	kanyun(o)	kalun(o)	plu	bunibuni|m	háttulo	kapnun	wuro					
feather	2	2		31	33				53		2							2	1	1	2	1	41	42	44	45	1		43	1	47	1	1	2	52	54	1	57					
finger			vara kiai	wara-keka	warau-kikea	waraŋkea	wara kikie	ivaramupa	warakea	?		wrampin	brampin	vrampin	vara pin					kana ko		eme kop			kop aut(u)		ane acay(o)			katontin	ŋa²¹l	kane kopo	kane kopo	kɛkol-o			kacay(o)		maddun	vráróovrè	báróopé	veresí	ke-vera-kumbu-ro
finger			1	1	1				1											2		2			2		46			32	47	2	2	51			46		55	59	59	50	56
fire	hapuy	hapuy	adia	adia	adia	adia	arutan		adia		for				for	vur		yaf	yap	lap	yap	lap	lutan	yap	lap	laf	lap		finá	lap	ya³p	la¹²p	la¹²p	lutɛn	yafi	lutan	lap	sako	narur	hòoje	jáai	mò'ana	on-do
fire	2	2	1	1	1				1		4					4		2	2	2	2	2	3	2	2	2	2		43	2	2	2	2	3	2	3	2	57	55	59	2	50	56
fish	hikan	hikan	dia	dia(n)	diaŋ	diaŋ	dian	diaŋ	dian	pian	in	ien	ine	in	in	in	in	sair	dun	don	ian	kemon	ian	in	in(i)	don	dun		sɯ́mə	dun	yi'n	i¹²n	do³n	in	sair		dun	ado	dedren	mnéèré	díijánà	ìjana	anta-ro
fish	1	1	1	1	1				1		1					1		34	1	1	1	40	1	1	1	1	1		43	1	1	1	1	1	34		1	57	55	59	1	1	56
five	lima		rime	rin	riŋ	boriŋ	rin		riŋ	bowerim	rim	rim	rim	rim	rim	rimbi				lim	lim	lim			lim		li³m		frádəfídə	lim	li³m	li³m	li³m	pɛ-lim		lim	lim	rimo	matehi	vrájàríe	ríìmà	rimó	rinti
five	1		1	1	1				1		1					1				1	1	1			1		1		43	1	1	1	1	1		1	1	1	55	59	1	1	1
flower	buŋa	buŋa	ariou	ne-bu		airau	pur				pàmpen							rarare		buŋa	saya		buŋan	saboko		búŋa			kaka	áy su	ho²¹w				fusi-n	bungan		buŋga	namdih	rújè	mànsía		dote-ro
flower	1	1	2	1							36							34		1	38		1	42		1			43	32	47				52	1		1	55	59	60		56
fly	Rəbək	Rebek	sapop	sifo	epo	apo	rowa		safo		rob				riob			i-tiʔir	napɔ	obo	opa	l-op	opa	opo	w-op(o)	tif	w-op(o)		sɯ́rə	l-apo	ni¹p	w-op(o)¹²	w-op(o)³	n-opɛ		opa	w-op(o)	roko	ehir	rùuré	híìrè	ùtuma	dove
fly	2	2	1	1	1				1		2							34	2	2	2	2	2	2	2	1	2		43	2	47	2	2	2		2	2	2	55	59	60	50	2
fly(n)			amumar	anumari	amoma	amoma	amuma		amandori marea	ramat	ran	ran	ran	ranggamak	raŋgumak					bani	lan	benyuw			dele		lale		fígə	lan	kala¹²ŋ	warale¹²	warale³	pɛʔplɛn					nanumen	múùré	áráà	arumàka'a	namamba-ro
fly(n)			1	1	1				1		2									37	2	37			44		44		43	2	2	44	44	51					1	59	60	50	1
forest		qutan	uta, ai raro	werabuande	wi	wi(re)	nu raroŋ		airaron						sub bwon			waririr	dam	ay lo	ailolo	ay lo	dom	kamun-alo	are lo, ga lo	wes	ga lol(o)		witú	ay lo(y)	ha³y lamo³l	ga³ lol(o)	ga³ lol(o)	baŋa	tiri	uat	ga lol(o)			dèjé	áráì	manù	anerere, aNe-ro
forest		2	2,30	31	3				30									34	35	1	1	1	35	1	1	45	1		3	1	1	1	1	51	52	2	1			59	60	50	56
four	pat-i	epat	ate	bo-a	manua	boa	at		boa	boat	fiàk	fyak	fiak	fak	fiak	(p)ati/a		fat	fat	fat	fat	fat	pfot	pi-fat	fat	fat	fat		gegite	ɸat	fa³t	fa¹²t	fa¹²t	pɛ-fɔt	fat	p-hot	fat	ako	eat	ríahè	áakà	á'ó	wati
four	1	1	1	1	33				1		1					1		1	1	1	1	1	1	1	1	1	1		43	1	1	1	1	1	1	1	1	1	1	1	1	1	56
fruit	buaq	buaq	buo	bo	aiboŋ	ai boŋ	buoŋ		bo, aibon	bo	aibón	aibon	aibon	von	(ai) von			tutu	nupu	puɔ, wanato	(ai) pio	wanat	bobu	ka|pio	awanat	afafói	awanat		fo, fu, fɯ́	wanati	ŋa²¹	wana¹²t	wana³t	pyon-o	bua-n	sapo	kawanat	bo, wo		áùré	ú	vó	bo, bua
fruit	1	1	1	1	1				1		1							34	1	1,2	1	2	1	1	2	45	2		1	2	2	2	2	51	1	1	2	1		59	1	1	1
full		ma-penuq	onu	sefa		donu	onu								fo					fon		fon			fon		fon			anhon	fo³n	fo¹²n	fo¹²n						wen	várédrè	óoká	ainû	(a)nsora
full		1	1	31																1		1			1		1			1	1	1	1						55	59	60	50	
garden	quma	qumah	romi	romi	romi	romi	romi		romi						sup											um			dədánə					bɛt					kdur	ríìhré	ríhìa	jàvara	Bindo-ro
garden	43	43	1	1	1				1																	43			45					51					55	59	60	50	56
give	boRe	beRay	one	okon (S)	oŋ	on	oŋ		ona, oni	haswartu		ya-wuk	buk	?	ve	ve				ten(o)	po	bi			ten(o)		bi(o)			la-bi	be²¹	be(o)	be(o)	n-po			bi(o)		ve	vèné	píè	tihà	ore
give	2	2	1	1??	1				1							2				37	2	2			37		2			2	2	2	2	2			2		2	2	60	50	56
go, walk	lakaw, panaw	lakaj, lakaw, paNaw	ra	rando	ra	ra	ra	ra	ra	rya (3sg)	rā	ya-ra	rya	we-ra	ra	paptam		ra	tan	tag	fān	ta	han	eo	dag	táng	dag		fá	la-dok, la-tan	bo²¹	da¹²g	da¹²k		pana	tagil	dag	ra	ra	rèérè	rá	rá	da
go, walk	1,3	1,3	1	1	1				1		1					4		1	4	4	3	4	3	42	4	4	4		3	1,4	47	4	4		3	4	4	1	1	1	1	1	1
good	ma-pia	ma-pia	ate, vesie	anten	weŋ	vieŋ	hanai		fiboki, ben	sewi	bye	i-wye	i-pyum	risror	soror	veieu	snerpayako	miñan	fi	fi	mafia	fiy	fia	piceu	fi	nágéf	fi		dire	ahey	fi³	fi³	fi³		kues	hia	fi	ro	ruet	núrmèdrè	ràréi	káuma	mamana-ro
good	2	2	1,3	1	33				2,3		3					39		34	2	2	2	2	2	42	2	45	2		43	2	2	2	2		52	2	2	57	55	59	60	50	56
grandparent				tafui		apus	tapuni, apuni	paitua, bisa							apu		tpumi																										mopi
grandparent				1																																							
grandparent/grandchild			apusi	?	apus	tapuŋ		nempiuruŋ	apui	tup	k-ěpu	kpu mkun	kpu	?	kopu	apui, tatai					bu								dátə										jai, kakai	táatì	gwápúù	kamá	puma, puavo-ro
grandparent/grandchild			1		1				1		2					1,4					2								43										55	4	1	3	
grass	baliji	baliji	samue	afui	nanimpuŋ	nanimpuŋ	nanimpu				abris				averis			ricot	kamayu	ka'i	wati	əyəy	bibisá	kamun	a'i	maríut	anyum(u)		sawwine	abris	kai¹²	kai³	kai³	gɛmunɛ	riri	ddawa	kai	sia	hanuen	náamè'ré	hérénggéèrà	muní'a	
grass	1	1	30	31	33						1							34	35	3	3	40	1	4	3	45	46		30	1	3	3	3	4	52	54	3	57	30	59	60	50	
grill, cook	tunu, zakan	tunu, zakan	nunu	i-nunu(n)	nunuŋ	ran	pare		nunu, tunu		kun, fafnap				fanav	un		fo	biap	blap	(n)dak		go	fafɔn		tat			(ma)tune	na-kapíl	ya²¹p		wa-bla12P	n-fa-m-ɔse	frubir			baro	tnu, ta	undáe	ákáai	a'á	kuni, pume
grill, cook	1	1	1	1	1				1		1,3					1		34	35	35	38		41	3		45			1	32	35		35	51	52			57	1,2	1	2	2	1
grow	tumbuq	tubuq	siwara	tifu	kemamai	suwato	tanduŋ				sur				syur						tub		tub			súbun				an-tum	su³m			n-tub				uko	buavar	véedéevnè	tárárìità	anamî	
grow	1	1	30	1	33						36										1		1			45				1	47			1				57	55	59	60	50	
hair	daun ni qulu		runandau	nu-randaun	duandauŋ	duandauŋ	runandaun	riunandau		dukoi	snumburaïm	hnombraem	pik	ramar	nondovun			aru-g...	watupis	pa	uta	enun	kiklé	kaliñun	tapla	umum fur	taplya		rogwin fru	pya	blu¹²n	plya¹²	plya³		uni-n faki-n	kakle	tapla	sina	duae	dógwáarè	úurúgùa	uránu	ke-vuran-du
hair	50		1	1	1						36							34	35	2	38	40	3	4	2	45	2		43	2	47	2	2		52	3	2	57	55	59	60	50	56
hand		baRa	vara	wara(ŋ)	warau	waraŋ	waran	ivaran	wara	wekan	rwa	wramin	bramin	vra	vara	vra	vra	ruma	npa	kanano	kakamo	eme lih	komu	kame	kop(o)	nima	ane kop(o)		frá	kapyan(i)	ma²¹ta	kane le³s	kane le³s	fa-o	nina-n	komo	gil(o)	baha, waha	mamon	vrá'ùgwajè	bàkí	veréa	ke-vera-ro
hand		1	1	1	1				1		1					1		3	35	37	38	40	55	55	2	3	2		1	2	47	40	40	51	52	55	58	1	47	1	1	1	1
head	qulu	qulu	ru	kamiai	dukami	dukami	rohina	rihina	mananu	du	rwu	ukoer	bukor	rbu	rovu	rvu		aru	watuʔ	u(o), wu	boboko	wom	poi	kutɔ	aut sap(o)	umun	asap(o)		rəguínə	kagalan	te¹²¹lo	kau³t	kau³t	bɛbok-o	uni-n	poyo	kaut	boai	du	dójè	náarà	vàru	ke-rimun-do
head	1	1	1	31	33				53		1					1		1	35	1	38	40	3	4	4	45	4		43	32	47	4	4	38	52	3	4	57	1	1	60	1	56
hear	dəŋəR	deŋeR	adiawa	tara-o	tarao	tarawo	taraho		taraoa	idaor	mnàf	ya-mnaf	ya-rower	we-mnaf	amanaf			tanem	fɔ|lɔŋɔ	dono	loŋa	l-ehdon	longa	lɔŋɔ	don(o)	bananggar	don(o)		ba|nogre	l-un	no⁴¹ŋ	do¹²n	do¹²n	n-loŋɛ	tanam	malongo	don(o)	nata	nuar	rúunè	nó	oranî	nata-na-o
hear	1	1	30	3	3				3		36							4	1	1	1	40	1	1	1	1	1		43	32	1	1	1	1	4	1	1	56	55	59	1	1	56
heart			aibuo	ai-bon	aiboi	anteni	nemor			aibo		barmor	ken	aibon	ken					ay pu(o)	puŋ	ay pu			ta'pyuw		malam'pyu		efɯ́	yoy	lo²¹y	pa'pyo³	ga³ka'pyo	puŋ		yoco	ga ka'pyu(o)		atunae	áakúgùa		sinevà'u	
heart			1	1	1															1	51	1			1		1		43	2	2	1	1	51		54	1		55	59		50	
heavy	ma-bəRat	ma-beReqat	marabat	maraba	mamba	memba	mambat			mimbat		i-marwak	myarbak (3sg)	rimarwak	marvak			manase	masɔn	mason		meson	batona	kapiatan	apyatan	uyéman	mpatan, maʃon		riməne	amon	mo¹n	mpata¹²n	pata³n	n-mɛʔtɛw	ma|berat	mapot		mahuna	mat	némáanèdúrùe	máakí	sarianggú	mambayo
heavy	3	3	3	3	3													43	5	5		5	41	3	3	45	3,5		43	1	1	3	3	51	3	3		57	3	59	3	50	3
hit	bunuq	buNuk	rora	boi	rora	rora	tuŋ	repa	boi	munna?	ràb	ya-mun	i-mun / i-prere	we-nap	mun	tumbu		pʷaper	təbɛlɛ	esbagal	pun		bolam	aswa		bába, fun			dəbé	n-bun	du³t	be¹²t	wa-tabe21’le3	n-pun	baban	wet		muna, we	uv	ùvrúhné	áau	vavó	daraBi
hit	51	51	1	2	1				2		36					39		3	35	37	4		41	42		3,4			43	4	47	48	35	51	52	54		4,5	55	55	60	50	56
hold	gəmgəm		ruti, tapu	rut(i)	ru	rut	rut	ok			kin				kin			wagit	siu	tabu			gotal	uta		on			muda	sáw	u²¹t		ta’bu3		gwain	yol		feka	dor	hújúunè	nsóoré	aruà	watuni-o
hold			1,37	1	1						36							34	35	37			41	42		45			43	32	42		37		52	54		57	55	59	60	50	56
hole			kamberei		kambirei	kambirei	kambiriei			rere		pak	der/ ner	bron	voron					go		əlep			lop		alep(e)			dokow	ga¹w	kale¹²p	kale¹²p				kalep(e)		nori	òrèeré	ópáahé	kòvuta	
hole			1		1															37		4			4		4			32	37	4	4				4		55	59	60	50	
hot	ma-panas	ma-panas	mas	maninkapoi (S)	maŋkakopi	meŋkakopi	mas		dararoi	mindar		i-tam	i-sam	wesam	syam			mamba		binis	mfànas	benih	psan		bini		bini			amari	pla¹²	bini¹²s	bini³s	n-mafyanɛs			bini		javin	névíaadè	tíaarà	nanatî	
hot	1	1	1	33	33				53									1		4	1	4	1		4		4			32	47	4	4	1			4		55	59	60	1	
house	Rumaq	Rumaq	anio	munu	manu	manu	yawa		manu	inun	rum	rum	sram?	rum	rum	rum		rume		(w)um	ebay	now	um	um	um	sáring	wum		fidé	now	de³	u³m	u³m	um	ruma		wum	ruma	ron	rúùgré	rúmà	rúma	me-ro
house	2	2		3	3				3		2					2		2		2	38	1	2	2	2	45	2		43	1	47	2	2	2	2		2	2	2	2	2	2	56
how			vitoi	fiani	bototoi	topino	topeno		fidoniea		rarisò					raveso		surie		anapɛnɛ	laisawa		hapuí	lewa		nugu-níng			bənaneno	late	pahɔ¹²		po fi’sa		akape	ha pu						vétè	
how			30	31	33				53		36					36		34		37	38		1	42		45			43	32	47		49		52	1						50	
husband	qasawa	qasawa	sawa	muaŋ	awani	awamui	hawani	aisinaŋ	awani	iman / suwaman	swa	kma	swa	swa (swami: 1SG poss)	suari noman			(i)maran	man	wa-man	uattā		lagai	man		sóa muáne			mərane	mansar	fa²¹		swa12-, ma12N		isawa-n	mon		mano	mambo	mágò	híomáané		e-man-do
husband	1	1	1	2	1				1		1							2	2	2	38		41	2		1, 2			2	2	47		1,2		1	2		2	2	59	2		
island		nusa	nu	nu	nu	nutakutu			nu		nu				meos						nus								nú	yé	nu¹²t			wɛf				nusa	nuhman	nùhré	núùhà	núta	te
island		1	1	1	1				1		1										1								1	32	1			51				1	1	1	1	1	
kill	bunuq	bunuq	mun	muni	muŋ	mun	muŋ		mun	dipai	mun	ya-mun	mun / mamun	we-mun	mun	mun		demi	bun	bun	pun	bun	pun	pun	bun	fun	bu³n		bunə	buni	bu³n	bu³n	bu³n	n-pun	nafedan	pun	bun, fal'pun	muna	ai			munâ	muni-ro
kill	1	1	1	1	1				1		1					1		34	1	1	1	1	1	1	1	1	1		1	1	1	1	1	1	52	1	1	1	55			1	1
knee			aibu	awe-buka	aeu bu	aembu	aibu		aebua	wewun	wepur	epuer	wepur	wepur	we pur					ka'i ka'puk(o)		epyabu			kam a'puk(o)		a'ne a'buk(o)		wifú		we²¹ta-pu²¹k	ka'pu³k	ka'ne ka'puk(o)			pappuko	ka'ne ka'puk(o)		gavu	évúujè	níbúgùa	nevú'a	ke-vua-ro
knee			1	31	1				1		36									1		1			1		1		1		1	1	1			1	1		1	1	1	1	1
knife			nioi	noi	nyoi	nyoi	nioi	nioi	noi	inoi		inoi	inoi	nyoi	nioi	noi													waráda		yu41su		syen					nai	buko	námáàgré	níòi	sìgwa'a	pamarsa
knife			1	1	1				1							1													43		47		48					57	55	59	1	50	56
know	taqu	taqu	rina	tawana	reo	rotawana	hanehoto				fau				fir	manmori		garuʔu	nun	l-un(o)	tō	l-un	unak	una	w-un(o)	ru	w-un(o)		rarune	n-un	n-u²¹n	w-un(o)	w-un(o)		bre	unak	w-uno	sira	nun	dúundù'mòojé	rárì	ananî	tire-o
know	2	2	30	2	33						36					39		34	3	3	2	3	3	3	3	45	3		43	3	47	3	3		52	3	3	57	3	59	43	50	56
lake	danaw	danaw	ruru	ruru	ruru	ruru	kaboti		ruru	katibo	dòkěn	?	sore bekrai / dosen	war bevua?	soren bwon		amvun				lanlan		talaga			gwángga			sar were	són	ti³p		ti3P			talaga		rawi	kbun		ágwéètìa	rána	don-do
lake	2	2	1	1	1				1		36										2		3			45			43	32	47		47			3		57	55		60	2	2
land/shore			rei	rei		rei	huonderei		reirei	inauro	sup	yenditar	yen / yene (yendisare?)	andir	bwon	re										tanom			mífrə			le³	le³						vuot	hèéjè	bábráù	ré	
land/shore			1	1					1		36					1										45			43			1	1						55	59	60	1	
laugh	malip		mari	miri	mari	mari	mari		mari	midia	mbrif	ya-mbrif	i-mbrif / marafrif	we-mrif	berif			marif	melis	mlef	amlif		mlif	mnif		marif			berrife	ná-mi	ni¹²		wa-m’bli3f	n-ɛ-mlif	manif	(ha)mlih		aneka	mari	míimìjè	ndí	marí'a	an-do
laugh	1		1	1	1				1		1							1	1	1	1		1	1		1			1	1	1		1	1	1	1		57	1	59	60	1	56
leaf	daun	dahun	rau	rerau(n)	werauŋ	aiverauŋ	andiaun		re-rau		rām				roram			nane	a|laun	kamuy(o)	ulú	emoy	longku	ka|mun	a'lun	rówce	alun		ró	kokanu	da¹²n	ka'lun(o)	ka'lun(o)	ay wlu	faki-n	llu	ka'lun	rana	nae	náarógré	ráànìa	rànu	andan-do
leaf	1	1	1	1	33				1		36							4	1	37	1	40	41	42	1	1	1		1	32	1	1	1	1	52	1	1	1	4	4	1	1	1
left (side)	ka-wiRi	ka-wiRi	sara	wei	dowiri		mambasar			roknoi	sār	?	barasar	vrasar	sar			parabimbe	pa-lpɛ	pelimi	balit		abalit	papal|ima		lagai			trire	papét	pali¹²m		pa21l ’li12m	balɛt	kapepe	balit		sio	mahdiae	vráagwìrìe	bágírú	sagwìri	berasu-ro
left (side)			30	31	33						30							34	35	37	1		1	37		45			43	32	37		37	1	52	1		57	55	2	2	2	56
leg/foot	waqay		ai	we	aeu	aemu	ai	ai re	ae(n)		we				we	we		(e)va	ŋgɛtɛ	k|ae	fico		we	kame pap		ai-m			fa	i-kóka	we²¹ta		ka‘ne12-K ‘pa12P	sɔ-o	fani-n	we		e	ga	é'ée'rè	nìkí	néa	k-epi-ro
leg/foot	1		1	1	1				1		1					1		34	35	1	38		1	42		1			43	32	1		42	51	52	1		1	55	59	60	50	56
lie down	qenəp	qinep	vata	i-vata			ena				barěk				varek	rvart		ga-soso	bɔruɛpu	enef amnayo	pakpak		mtuli	yenɛf	du	enan	w-abalyoy(o)		gin gerevivare	ná-tantolón	ɛ⁴¹n		w-aka lyo	n-bɔy	bulbuliai	hantuli	du, abloyo			vìnò'òójé	í éené	enâ	ongga
lie down	2	2	30	30							36					39		34	35	37	38		41	2	44	2	3		2	32	2		3	3	52	54	44, 3			59	2	2	
lightning	kilat		kabiebar, vera-vera	kaiveva	keiwiewari	keviewari	vieria		kiabobari		wèwěr				veyer			riripipit	lɛu	balyaban	lēmlēm	tepyep	bebit	lamlɛm	malyaman	ríndaf	lableb		dene	lalew	be³l	malyama¹²n	malyaba³n		ninaf		lableb	merewa	tpe	hòhèvré	kéejánà	hararìra'a	deperepe
lightning			1, 2	1	1				1		2							34	2	3	2	4	41	2	3	45	2		43	2	47	3	3		52		2	57	4	59	60	50	56
lime (for betel)	qapur		kiru	roa	kiru	kiru	kiru		rowa		afěr				afer	aper					yafi									ahar			lu21’fi3						au	gwèpré	áau	ára	
lime (for betel)	1		30	2	30				2		1					1					1									1			1						1	59	1	1	
liver	qatay	qatay	vuvusa, ateni	ateni	aneu wai	sane raroŋ				ate	kén	ken	barmor	ken	vasevus			atane	nitɛw	lu(o)	yatay		yocu	atai	latey	lata	lati		te	latey	ta²¹y	lati¹²	lati³, lɔ³n	yɔtɛy	yata-n	wulo	lu	niha-do-rana	var	égrè	ákéènà	à'a, siné a'ára	ke-tena-ro
liver	1	1	1, 2	1	33						1							1	35	5	1		1	1	1	1	1		1	1	1	1	1,5	1	1	5	5	57	55	59	1	1	56
long	anaduq	anaduq	aroi	dewaroi	tenimbai	tanimbai	woroi		doroi	kirwain	kawaïm	i-kwaen	i-kwane	rikwan	kwan			mbara...	kai	malas	mlàŋa	malah	mlonga	malawas	bala(w)	maráwas	balah		mərəro	amaw(o)	na⁴¹ŋ	mala¹²s	mala³s	n-ɛ-mlɔŋɛ	ma|nawas	mlongan	bala	doro	mbrar	bràárè	gwéi	manaî	meta-yo
long			1	1	33				1		35							34	35	34	2	34	2	34	34	34	34		34	32	2	34	34	2	34	2	34	1	34	34	60	50	56
louse	kutu	kutu	rutu	u|utu	utu	utu	kubari		itu		uk				uk			ut	u	wut	ut	wut	kut	ut	wut	ut	wut		utə	ut	wu³t	u³t	u³t	kit	kuti	kut	wut	ghui	utu	óòjé	úukú	kú'a	ki-ro
louse	1	1	1	1	1				1		1							1	1	1	1	1	1	1	1	1	1		1	1	1	1	1	1	1	1	1	1	1	1	1	1	1
man	ma-Ruqanay	ma-Ruqanay	mua	muaŋ	muaŋ	muaŋ	mawaŋ	mawan	man		man	hnoman	snon	snoman	noman	snoman		maran, mañañane	man	wa-man	mān	man	maón	man	man(a)	mu(ru)ána	man(a)		mərane	man	wa³yma²¹n	ma²¹n	ma²¹n	mɔn	murarara	mon	man(a)	mano	mambo, noman	jòmàgré	híomáané, máànà	vurána	man-do
man	1	1	1	1	1				1		1					1		1	1	1	1	1	1	1	1	1	1		1	1	1	1	1	1	1	1	1	1	1	1	1	1	1
moon	bulan	bulan	sembie	embai	yembai	yembai	hembai		embai	awokai	paik	paek	paik	mak	sebai			purin	paiʔ	pet, pit	ŋa	pit	pait	pait	pit	fúran	pit		seba, sibá	town	na⁴¹	pi¹²t	pi¹²t	sni	bunan	bulan	pit	wafa	hdiar	jèegré	úùrà	vùrina	karupe-ro
moon	2	2	1	1	1				1		1							2	1	1	38	1	1	1	1	2	1		1	32	38	1	1	51	2	2	1	57	55	59	2	2	56
mosquito	ñamuk, lamuk	ñamuk, lamuk	kamumi	fi-karari	aimaniŋ	aimaniŋ	hinyeri			sinin	muměs	aprap	rosarek	mumes	mumes			asev	gawɛʔ	kamumus	mumis		ninik	nini		banísir			dede-rɛ	kanyó	kala¹²ŋ			ninɛ	kifin			nini	kror	nárádùgré	hánéèrà	tanìna	ini-ro
mosquito			30	31	33						30							34	35	30	30		1	1		45			43	32	47			1	52			1	55	59	60	1	1
mother	ina	ina	mai, awini, sinia	ina	inani	inani, intai	ami	hinamui	ina-	ina	ina, sna	hna / nen	awin	sna	sana	mini, snari		yai	niʔ	nei	hñē		mamu	didi		néna			d|ena	i-nyá	ne³n	ʃan	ne12N		nini-n	mama		inai, mini	mai	íijò	áíi	iná	nai
mother	2	2	1, 4	2	2				2		2,4					2,4		3	35	37	4		41	42		2			2	4	2	48	2		2	54		2	1	59	60	2	2
mountain			wis	uai	wi	wi	tawui		wi	abobo		bon	bon bekaki	urek	ryane bwon					yel		deɟal			yil		yil		tró	il	he³l	ye³l	ye³l	mɛʔtɛt			yil		rui	ònggàjé	éerìdìa	éra	dote-ro
mountain			1	1	1				1											2		40			2		2		43	2	2	2	2	51			2		55	59	2	2	56
mouse, rat	kazipay		waŋgar	karu	kapa manu	kapa	kapa		karu	aŋanau	wanggar	kafrar	kapai	karau	waŋgar			adombar		kalof	luf		luf	safsɛf		asafái			səfé	kalúbu	kalu³f	keluf	kau21’lu3m	luf	kofiata			afuno	wanggar	náhí'ùgré	ábúukúmà	arúha	koya-ro
mouse, rat	2		1	2	33				2		1							34		2	2		2	43		45			43	2	2	2	49	2	52			57	1	59	60	2	56
mouth	babaq	baqbaq	sore	boro	woreu	woreŋ	wapaŋ	huapan		bondo	sbā	twadon	swadon	sva	sava			efe	walu	samo	smo	hemo	sumu	kapio	gal(o)	matafut rom	gal(o)		rimeta	ga(y)	ga²¹l	gal(o)	gal(o)		suma	sumo	gal(o)	boro	o	ómògrè	óomà	turé	ke-vo-ro
mouth			1	4	4						36							34	4	3	3	3	3	42	2	45	2		43	2	2	2	2		3	3	2	4	55	55	60	1	4
nail				waradiu (S)	paku	warandi	di			vrare	we	wrampin be	bei	asen	varapar					kaip(o)		esip			aseb(o)		aseb(o)			kabe	he²¹m	kasi¹²b	kaʃi³p				kaʃeb(o)				káabí	vùmi	ke-vera-kivi-ro
nail					33						36									1		1			1		1			1	47	1	1				1				1	50	
name	ŋajan	(ŋ)ajan	sano	wono	anou	anom	hanomu	hanoŋ	anoma		nasàn, snon-snon				sono	snori		gadin	gasɛn	nan(ɔ)	ŋasan	nahan	fsona	ŋasn|ɔ	nan	nésa	na'han		nɯ́	gayn	na²¹n	nasa¹²n	nasa³n	ŋɔsɛn	garār	sso	nan	nasano	han	áhgrè	áahánà	nàtana	nan-do
name	1	1	1	31	33				33		1,39					39		34	1	1	1	1	41	1	1	1	1		43	32	1	1	1	1	34	54	1	1	1	1	1	1	1
narrow		kepit	kotar	katui	kiepaŋ	siota	hahar			miniu?	fiòs	i-trepek?	i-srepek?	rimbrekep	bua va					manapa sapɔ	kos		nakota			nifiségat			frifre-te		nakɔ¹t		la’le12l	n-ɛ-mot		kokoloto			ddor		dúdíookáré		
narrow		30	30	30	33						36									37	38		30			45			43		30		49	52		54			55		60		
near			dirioi	kefa	kikeu	kikeu	kakieu		(na) kefa		fanàm				fanam	kakisa		tanaten	galis	mirin	las		dekin	las		nagésa			nəbəbabərə		da¹mpa³t			rakɛn	karagar	dakin		tita	dua	gwónèe'rè	nándóoní	jireré	kanainai
near			30	31	33				31		36					39		34	35	37	38		1	38		45			43		47			1	52	1		57	55	59	60	50	56
neck	liqər	liqer	rau	kanaŋ		raukanaŋ	rau karo	rau karo	raukana1	roprai	sasu	tatukoer	sasukor	srir	rowa		korokindine		akɔ	geli-kabayo	wao	deli	koku	kɔkɔ	alu lay(o)	garan	alu bay(o)		dərbunə	kakon	ko¹²k	gale kari(o)	kolo³ kaba(o)	koko	gurar	ggowo	kalu bay(o)	doa	kbae	rá'gwarìe	káaré	tòro	koran
neck			1	4					1		36								2	5	3	40	2	2	5	6	5		40	2	47	5	5	2	6	3	5	57	5	1	60	50	4
needle	zaRum	zaRum	ret	aniai, reti		reti, wai rui	waituhi		reti		rèt				ret						paplaki		laim			láin					la¹m			smo				rete	ret	rèt páivré	gwáirúuvè	anígwa, rèti	
needle	41	41	2	1,2					2		2										38		41			41					47			51				2	2	2	60	1,2	
neg		bak	va	bireri	wa, wereria	wereria, wa	piewa, va				ba				rova, va	va, te		afe	ga	sapɔ	pa	hanpo	tes	ɛnpa	po	tei	hapo		fərati	po	do²¹po	sapo¹²	sapo¹²		ta	te	po	wo(mo)		màhèégrè	vé, béebà, mábè	và	metin-do
neg		1	1	3	1,3						1					1,2		34	35	1	1	1	2	1	1	2	1		43	1	1	1	1		2	2	1	1		59	1	1	56
new	baqəRu	baqeRu	avori, vavoru	vevoru	wawori	veworu	vaworu		vavoru	wiworu	babo	i-babo	bye-babo	wepnunek		vavo		popʷaro	gɛlaɔ	gawawa	po	dewaw	pou	galawau	gawa	fówa	galwa		bunate	ambabo	wa³w	galawa¹²	galawa¹²	n-ɔbɛn	beriberi	powo	galwa	boa, woa	enau	jòoré	óoré	ahùjo	uvo-ro
new	1	1	1	1	1				1		1					1		1	2	2	1	40	1	2	2	1	2		43	1	2	2	2	51	52	1	2	1	55	60	60	50	1
night	bəŋin	beRŋi	diru	diru	diru	diru	rowi		diru		ròb				rob	rov		magagev	up	kadbat	dòram	melim	bakomu	op	madyorom	mómat	male, madyorom		gisie	gam	ka¹m	male¹²	male¹²		misiag	galmumit	male, madyorom	yana	rojo	òróòjè	róoi	vàra'a	we-ro
night		50	30	30	30				30		2					2		34	2	37	38	3	41	2	4	45	3,4		43	1	1	3	3		52	54	3,4	57	55	55	55	50	56
nose	ijung	ijung	suo	ube	wopeu	wompemo	hokama	hokama	wompi	sore	snò	hnonikoer	snonikor	sno	sonori			asigo	samu	senu, sa'nu(o)	guguo	henyu	usnu(t)	kahñə-k	anyuo	siai	sagul(o)		wé	sun	maba²¹y	sagul(o)	ʃogul(o)	gɛgwɛs-o	ipir	hungo	(kanya) kasum(o)	niabo	gno	órémògré		hòro	ke-na-ro
nose	66	66	1	31	33				53		1							34	1	1	38	40	1	42	40	45	46		43	1	47	46	46	38	52	1	42	57	55	59		50	56
oil				manin	maniŋ	maniŋ	mani	mani	mani		mani				mani							meɟul					maɟul(u)		meígə	milik	mni¹²k		maɟulu³						mani	íìré	dígwá	ajúra	
oil				1	1				1		1											2					2		43	1	1		49						1	59	60	50	
old	ma-tuqa	ma-tuqa	woroi	tawa	tawa, woroi	wepaituaŋ	tawa		aina	minda	kwar	sinan	mansar / sinan	wemku	kwar	tua					leo		tua			tuárin			nabrídə		li¹w		ma’tu3	ren-lɛgaɛ		matuo			evone	vòrré	kíikè	ma'ú	ivari-o
old	1	1	3	1	2,3				53		36					1					38		1			1			43		38		1	51		1			55	3	60	1	56
one	asa, əsa, isa	esa, isa	siri	bo-yari	koiri	koiri	korisi		boiri	bosandi	saï	weter	oser	yoser	yosier	yoser		sia	sa	katem	asa, isa	ətem	pso	pi-sa	atem	isalmós	atem		eso	kitem	te³m	kate¹²m	kate¹²m, aksa	pu-sɔ	isa	p-so	katem	wosi	kotem	rèebé	kéeté	tatá	waiseno
one	3	3	1	1	1				1		3					39		3	3	2	3	2	3	3	2	3	2		3	2	2	2	2, 3	3	3	3	2	57	2	59	60	3	56
other			esi(a)	siai			hehivera				wèsě				novesei			firisia	nsa	matfasayo	nēsa		maleu	tepa		ésa			nenote	ado	fasa²¹y		a’nesa		(a) faserir	maleo		no		réhè	rai	eró	iran-do
other			2	2							2							34	3	37	3		1	42		45			43	32	37		45		52	1		57		59	60	50	
paddle		beRsay	vo	bo, wo	bo, wo	wo	bo, vo	vo	bo	awo	borěs	waiten	nabores	bores	vores	vors		pores								fosa			ejé	áp, pú	po¹s		po12s					wo	oh	úhrè	óohà	vó(r)a	name-ro
paddle		1	1	1	1				1		1					1		1								1			43	1	1		1					1	55	55	55	1	56
person	tau(mataq)		kawasa, sinitu	inon-tarai	inyontarai	nyontarai	hinontarai	hinontarai	inontarai	sinontu	kawàsa	hnonkaku	snonkaku	snonggu	noŋgaku	snontu	snontu	misier	miʔ	matumolo	smat	met	manusia	ñat	mat	téma	mat		matu	met	ma³t		mat	kyat	mancia	manusia	mat	nuŋgu	nomtu	jom	hàngkú	na'ú	nu-ro
person			1,55	4	4				53		1					55		34	35	2	2	2	41	3	2	45	2		2	2	2		2	51	41	41	1	57	55	59	60	3	56
plant	tanəm	tanem	tana	i-tanamp	tanami	tanaŋ	tantanan		tana		kàrker				ker			tanem		ala	tiwa		tonam	fa|tanam		swen			mə|ta-nə	na-tanim		tala³	’sa21na1m	tɔnɛm	sai			ana|ko	tnam	èmné	káamáné	anamî	
plant	1	1	1	1	1				1		36							1		37	38		1	1		45			1	1		48	1	1	52			1	1	1	1	1	
pound (sago)	tutuk	tuktuk	tara	tara, -tut|ahi	tara						nuk					tar		so		tut	ta, tut, tok		tut	ka|tut		tu			mə|tu-te	n-tut			wa-ka’tu3T		tuti			soko	tar	èérè	káré	àrà	
pound (sago)	4	4	1	1,3	1						3					1		2		3	1,3,4		3	3		4			4	3			3		4			2	1	1	1	1	
rain	quzan	quzan	diobara, muna	meta	miuna	mamaŋ, miuna	mamaŋ		metan	ram	mèkěm	mekem	makem	mekem	mekem			umun	maiʔ	dim	ulan	ɟelum	ulan	miliɛ	gulum	óma	gulum		siéme	mey	ma¹	goli¹²m	guli³m		yagin	ulan	gulum	dora	itari	nàtèehré	ráàkà	ùnuma	doro-ro
rain	3	3	1	2	1				2		2							1	2	37	3	4	3	42	4	1	4		43	32	1	4	4		52	3	4	56	55	1	60	1	56
red	meRaq	ma-iRaq	urar	berika	merai	merai	vemarou		merai	kinun	rik	i-fanandiek	rike	we-rik	barai			kasumbe	təlami	mame	kakalā	meme	mikoat	kasñala	me	wámbar	talme		waməse	antami	ka³la³n	mame¹²	mame³	n-mɛkɔt	kasumba	makot	me	rewaro	miar	ràaré	káráráré	mararî	meme-o
red	2	2	30	3	2				2		3							4	5	2	6	2	1	42	2	45	5		43	32	6	2	2	1	4	1	2	57	2	59	6	2	2
rice		pajey	pase	pa	pa	pa	pa		fa		fas				fas	pas										fasa			fásə	ha	fa³s		fa¹²s	fɔs					pah	pàahré	páhrévé	pása	pasa-ro
rice		1	1	1	1				1		1					1										1			1	1	1		1	1					1	1	1	1	1
right side	ka-wanan, mataqu	ka-wanan, mataqu	vata	moya	dowataŋ		diawatan			rowar	karěmbòbò	?	baraku	vrakaku	kaku			pararare	pa-lfi	palafi	wela		awoyan	palpal|cu		tu'urom			tu	pacú	pamɔ¹l		pa21l ’fi3	wɔnɛy	banifia	woyan		ghanano	mamdu	vráagò'rè	bákíkú	já	berawan-ro
right side	2,3	2,3	1	4	1						1							34	5	5	38		4	42		45			3	42	47		5	4	52	4		2	3	59	3	50	56
road	zalan	zalan	ra	raŋ, ran	raŋ		rayan		ran		nyàn				ryan	ran(do)		rarin	alin	li'lin	laliŋ	lelin	lolan	yefen	li'lin	raran	li'lin		radeni	can	ma⁴¹	lili¹²n	lili³n	yɛfɛn	nanam	lolan		rarado	jar	ràgàjé	jáàrà	ràrina	anima-ro
road	1	1	1	1	1				1		36					1		1	1	1	1	1	1	42	1	1	1		1	32	47	1	1	51	52	1		1	1	59	1	1	56
root	wakaR	wakaR	war	ne-wa(sa)	woa	woa	wari		rewa		rarěs				fires			dare	kɛtɛ	kawat(o)	w̄a	awa	wolu	ka|wao	awat(o)	rarin	ahat(o)		warkrikre	ehawak(i)	wa²¹po	kawat(o)	kawat(o)	wɔwo	sorsor	wowo	kawat	wai	kre	ré'rè	hírúaatúmà	rounó	
root	1	1	1	1	33				1		36							34	35	2	1	2	41	2	2	45	2		1	32	1	2	2	51	52	51	2	1	55	59	60	50	
rope	waRəj	waRej	wai	wai	wai	wai	arora	arora	wai		ràbràb				avarai			warir	waliʔ	wili	wala		kapiloan	wala		wáras			wará	wáli	wa⁴¹l		wi21‘li3	wɔlɛ	warwaras	wola		rona	wari	gwàríe	gwáarí	gwàri'a	wen-do
rope	1	1	1,2	1,2	1,2				1,2		36							1	1	1	1		41	1		1			1	1	1		1	1	1	1		57	1	1	1	1	56
rotten	buRuk	buRuk	saire	piso		keŋkoŋ	kaŋkoŋ			sisupra	pòkěm	i-pokem	bye-snarem	rofinwewie	pokem			miaʔo	makam	malakamɔ	bili		lekat, puík	mjakam		nama-sóat			numi-ra				masla21’ka3m	n-lɛ	sigir	lekto		bu	urbuar	márìe	ógwáuré	vavarù	
rotten	2	2		31							36							34	3	3	38		1,2	3		45			43				3	51	52	1		2	55	59	60	2	
run		PAN laRiw	apai	mito (S)	pai	pai	apai		afai-afai	doa	f-r̄ar	ya-frar	i-frar / farandar	we-frar	farar	prar				sero		tit			tit(i)		tit(i)			l-ati	bawo²¹	siti¹²	siti³						bruh	itémójè	ráarú	irá	sayo
run		2	1		1				1		2					2				37		3			3		3			32	47	3	3						55	59	60	50	56
sail			sarawi	arawin		aravi			arawa						ayun, sarur																								harawin		hárágríìrà		
sail			1	1					1																														1		1		
salt	maqasin	ma-qasin	sasi	ai	ai		hahi		kara		màsěn				masen			sire|r	gasi	lesen	gasi		myasing, gasi	gasi		sira			te	gasi	le¹sɛ³n		lisi³n		sira, sasik	yasin			tah	àahré	káhìa	àti và'u	mamari-ro
salt	1	1	1	1	1				53		1							2	3	1	3		1,3	3		2			43	3	1		1		2,3	1			3	59	3	3	56
sand	qənay	qenay	rubua	numbuain, ninuai, nafa	ruwuaŋ	ruwuaŋ	rowuyaŋ		nunoi	komde	kayěn	yeen	yen / yene	yen	kayen			ain	in	lɛn	ñiñēn	len	minyana	miñen	len	éna	alen		inneñevo	layn	ye³n	le¹²n	le¹²n	sɛʔsɛ	kidai	nyanyana	len	nafa	mten	rèetré	ímpápéètà	áena, nàha'a	naper-mba
sand	4	4	1	1,3,5	1				3		4							4	4	2	3	2	3	3	2	4	2		3	2	2	2	2	51	52	3	2	5	55	59	60	4,5	56
say			oyo	ai		topana	payaya		afa		kòfèn				vere, vovo	ve		ga	bin	bitin(o)	u	l-ewe	bi	of	ba	bo'ot	ba		biere	la-bini	fu²¹	bas(o)	bas(o)		farok	(ha)lusa	ba(o)	afa	ewe	émǒ	kéàmá	a'anó	dovora-yo, bora
say			30	31					2		2					39		34	1	1	38	40	1	2	3	45	3		1	32	47	3	3		52	54	3	2	55	59	60	50	
scratch	kaRaw	kaRaw	kara	ramati	karamuti	karamut	arar				rār				rarya			gaʔor	kaʔ	kai	gāg		agág	agag		áru			murə	ná-ka					keri	gak		nagha	krar	ùbné	áráarí	tiarî	nami-o
scratch	3	3	3	2	2						36							34	3	3	1		1	1		45			43	3					52	1		57	3	59	3	50	56
sea	tasik	tasik	rau, rawana	ai-rau, rawana	rawanaŋ	rawanaŋ	hundaurau		sairau	sorm	màsěn	toren	soren / swan	soren	soren	masen		fayoret	masin	wulut	olat		wolat	galgelet		mot			werefúnə	wálut	lo³w	lo³l	lo³l	wɔlɛt	sasik	wolat		rau	aru	òó'rè	húànà	rú	uruan-do
sea	52	52	1,2	1,2	2				1		3					3		34	3	4	4		4	42		45			43	4	1	1	1	4	52	4		1	55	59	60	1	56
sea turtle	kaRa	penu	poti		poti	kenyaŋ	romuŋ		amawa						waw					fin		fin			fin		fin			ɸen	fe³¹n	fe³n	fe³n	fɛn					ono	ìndíe	éenú	gwàra	
sea turtle		2	1		1				53											2		2			2		2			2	2	2	2	2					2	59	2	50	
see	kita	PAN neŋ, kita	ser(a)	wati	reo	rewoa	reho		wai	dumda	màm	ya-maem	ya-mame	we-man	sayor	man		rewer	du	em	ēm, niŋa	l-em	am	em	w-em	sefa	w-em		sí	l-em	na²¹w	w-e¹²m	w-e¹²m		niga	am	w-em	sira, ambora	mbre	évèéré	áréekí	arikâ	tire-o
see		4	3	1	33				1		2					2		34	35	2	2,4	2	2	2	2	3	2		3	2	46	2	2		4	2	2	3,5	5	59	6	6	56
sew			aware	awa		awasuŋ	awar		daawa		sàpsip				sip			ture	karɛn	fadin	diŋ		badidíng	fakariŋ		sígat			mutə	na-kárin	di¹²ŋ		wa-ka’ri3m		sor	beit		sua	wawer	jéetnè	tàtí	airî	
sew			1	1					1		36							34	35	3	3		3	35		45			43	35	3		35		52	54		57	1	58	59	50	
sharp	ma-tazim	ma-tazem	masiet	reisa	masasuŋ	besasuŋ	masain		ren	mintar	sār	i-tar	i-sar	webesasar	mun			mijarum	talim	mañanam	mdalim		magamin	myaŋan		mánggan			matadane		tana¹m				magan	non		amumo	mtan	nègánè	kàntrái	maraminî	
sharp	1	1	30	31	33				53		36							34	1	37	1		41	37		45			1		1				45	54		57	1	59	60	41	
shoot	panaq	panaq	ana	i-ana	ana	nunuŋ	ana	pare			kfo				kofo, kun	tpo		mbaref	fantanus	fan	pusi		tablu	fan		tun			mə|səbegete	n-han	a¹n		fa¹²n		fanak			ana	vit	úgrè		hinà	piti
shoot	1	1	1	1	1						36					36		34	1	1	38		41	1		45			43	1	1		1		1			1	55	59		1	56
short	ma-babaq	babaq	tanam	tanan	tenaŋ	wotadari	tawawa		sana	turu		i-kwanba (=long not)	i-knampu	rikwamba (=long not)	kwan va			tam...	kabu	kup	kokopē		gapópai, katobat	kapoto		tóba			kəfútə		saku³p		ke12T	n-kɛtobɛ	fisik	pokal		kamuto	avu	névéurè	kúuráté	kuvava'î	kapitari
short	3	3	1	1	1				1									1	2	2	2		2,4	2		4			2		47		49	4	52	54		2	2	59	60	3	56
shoulder	qabaRa	qabaRa	varabo	boyawa		warandara	nadiara	karuhina	warabon	wrawo	radar(si)	erda	erdai	riar	rarwar		wutimramerine	aru		pakadi(o)	maglo	epa ri	paposu	kafalɔ	apya apli(o)	fafalan	apya pop(o)		fəravo	pupun	ba¹²ŋ	kapya kari(o)	kapya kari(o)	ǰɛǰɔl-o	bara|r		kapya pop(o)		kit	hùúrè	ádìa	àju	
shoulder	1	1	2	31					2		36							2		37	38	2	41	1	2	1	2		1	32	47	2	2	51	1		2		55	59	60	50	
sit	todan	tudan	masoi	i-minohi	mayoi	mayoi	mahoi	mahoi	moi	tura	keïn	ya-kain	kyain	wekon?	kon	ton		mdagen	ba	l-abay	totoláŋ	l-ebey	bol	tɔlɔn	tolon	matóran	tolon		matorə	la-katon	ho¹²¹l	solo¹²n	solo³n	n-tolɛn	mtonag	battalón	tolon	oaro	tot	vì'ìíjè	kó	ó	on-do
sit	2	2	1	31	1				53		36					2		2	3	3	2	3	41	2	2	2	2		2	32	2	2	2	2	2	2	2	57	2	59	2	2	56
six	onəm	enem	5+1	wonan	wonaŋ	bowonaŋ	wonan		boirikori	bowerim bosandi	wòněm	onem	wonem	wonem	wonem					wonom	wonam	wonom			wonom		wonom			wanom	no¹²m	wono¹²m	wono³m	pɛ-wonɛm		wonam	wonom	ghono		5+1	5+1	5+1	wanditi waiseno
six	1	1	30	1	1				53		1									1	1	1			1		1			1	1	1	1	1		1	1	1		59	60	50	56
skin	kulit	kulit	rawa	rerawa	rerawa	nentarai ri	rerawa		rerawa	rui	rib	kief	kif / kife	krip	kerip			urut	ani	kaino	gico	eney	kulit	kaini	a'it	urit	ait		rítə	irip(i)	me²¹y	kaini³	kaini³	lik-o	kunit	kulit	kait	ru	jat	óbì'rè	àpùkúa	hì'i	ke-kue-ro
skin	2	2	1	1	1				1		1							2	3	3	38	40	2	3	4	2	4		2	1	47	3	3	51	2	2	4	1	55	59	60	50	56
sky	laŋit	laŋit	rora	rora	rora	rora	rora		rora		naněk				ranek			ragit	lanit	nalowo	laŋit		langit	ŋa		ránggit			ragətə	naykányat	ya¹²ŋ	na¹²	na¹²	laŋɛt	lagit	langit		naniŋgi, dora	mdiaweh	rúujè	ráakátè	ará'á	doromo-ro
sky	1	1	3	3	3				3		1							1	1	37	1		1	42		1			1	32	1	42	42	1	1	1		1,3	55	59	1	1	3
sleep	qenəp	qinep	ena	ena	ena	ena	ena		ena	dena (denna?)	enĕf	y-enef	d-enef	wienef?	enef	enep		reʔenef	nɛ-k	enef	tuli	l-ene	melas	yenɛf	w-e'nef	enan	w-enef		gínə	l-ane	n-e¹⁴n	w-ene¹²f	w-ene³f	n-yɛnɛf	rua	antoal	w-enef	enako	ne	vìnò'òójè	éené	enâ	nan-do
sleep	1	1	1	1	1				1		1					1		1	1	1	2	1	41	1	1	1	1		1	1	1	1	1	1	52	54	1	1	1	59	1	1	1
small	dikiq, kedi	dikiq, kedi	katu	katui, ketui	meia	meia	haho			pyokri	kasun	ibawa (=big not)	ibawa	ribwava?	moku	ki	ki, ibuwabak	natu	gɛlɔm	kamiaran, kanyan	kòrikòri	we	wai	kali	ganan	net	ganan		ntú	amiŋki	wa³y	gana¹²n	gana¹²n	n-ɛ-myaku	girif	kutu	ganan	kumara	kba	dúùgò	ákúuná	marà'u	make-o
small			1	1	33						1					39		2	35	3,4	38	5	5	42	4	2	4		2	32	5	4	4	51	52	1	4	3	55	59	1	3	56
smoke	qasu	qasu	wuyu	riraun	wio		tiup		rirau	sume	ās	ya-suem	ya-kun	ya-sim	for yow			evas	kapyas	kaplas	mamayás	eplah	nyas	may|as	labi	laf buba	abli		bóbə	bi	ba²¹ŋ	la¹²s	la¹²s	mɛyas	m|asi	yaso	kabli	asi	odu	ódùgrè	ógwáahúgùa	tavéra	kati-ro
smoke	3	3	30	2	30				2		3							3	3	3	3	40	3	3	1	45	1		43	1	47	3	3	3	3	3	1	3	55	55	3	50	1,3
snake		qulej	koro, tawai	tawai	piara	piara	tawai		tawai	mor		ikaek	ikak / ikake	rowbuk	rovekuan	kariom		gor	kɔ-k	kok	gu	ko	bau	bai	kok	arói	kok		sawátə	lemat	ko³k	ko¹²k	ko¹²k	gu	kunanawas	kolay		(w)oro	kro	mùndíe	gwóorú	óra	on-do
snake		3	1,2	2	33				2							1		34	35	35	38	35	11	11	35	45	35		43	32	35	35	35	38	52	1		57	1	59	57	3	56
sniff, smell			anasa	naha			huoho			inis	nàsěm	i-suem	i-syume	fasis	nasem			sigir	fɛtɛn	fatam	fatan		fotan	fiatan		mus			me|səgəfo		fata²¹n		fa21’ta3N		sigir	hotan		asasa	noh				sniff, smell
sniff, smell			2	2							2							3	1	1	1		1	1		45			43		1		1		3	1		2	2				sniff, smell
spider	lawaq	lawaq	apopa	mansai	iŋkira	inkira	iŋkira		manakakai	konderaibo	kabòkakin	atwaer	mangga won gawon	ansarwar	arwam			orier		kapanɛ	kopolaw		tapilou	p|law		ráwar-ráwar			rara	kapolot	sapa⁴¹t			boki del	agimono			sapaiwura	bravun	ráàjé	ráráàrùmà	ragwa'î	
spider	1	1	30	31	33				53		36							34		37	1		1	1		1			1	1	47			51	52			57	1	1	1	1	
split	bəlaq	belaq		bau(r), i-tarabauri	bau	kambau	baho				kabas				kes			pʷaʔus	ewʔ kapaʔ	apa	segal		sagal	kapau		fáwas			mə|ragete	na-kút			-ko21’pa3	n-čɛgɛl	bakis	tatal		taka	tvar	ébèhné	íirí	vorà	dativi-ro
split	50	50		2	2						35							34	35	35	4		4	35		45			43	32			35	4	52	1		3	55	59	60	50	56
squeeze	Raməs	Rames	kusar	rami		koŋ	tavar				òměs				uf	ramas		wame	sidɔʔ	fɔgɔl	forār		ofal	kafɔrɔl		óbas			muvrə					n-fo	gugim	ohal		namo	rman	dúunùné	bátá kóomúgùa	amatà	
squeeze	2	2	30	2							2					2		34	35	7	7		1	7		45			43					51	52	1		57	2	59	60	2	
stab	PAN tebek	tesek	isani, tisa	isan			ihaŋ			tyuta	kuk	ya-man	i-wan	we-kerom	kuk			sambe	isabɔ	ete	tusa		tapa	tɛ		ta'			mə|tarə	na-tápe	nu¹k			n-ɛtɛpɛs	sai	tusa		sako	hun	húundè	húnìa	utumì	toiyo
stab	7	57	1,8	1							36							33	35	7	8		7	7		7			43	7	47			7	52	8		57	55	55	55	50	56
stand	diRi	diRi	osa	oa	oa	(tawara) oa	oha		oa	dosra	orěs	y-oret	d-ores	wiores?	ores	ors		-ser	-sɔ	awol, a'wul	osal	l-ohol	wosal	tipa	w-ol	marir	w-ohol		mə|rìr	l-ol	n-o¹²l	w-oso¹²l	w-oso³l	n-osɛl	mriri	wosal	w-ol	osaro	he	íhrè	óohé	etâ	etan-do
stand	4	4	1	3	3				3		1					1		1	1	1	1	1	1	42	1	4	1		4	1	1	1	1	1	4	1	1	1	1	59	1	2	2
star	bituqən	bituqen	sivererei	awaka	piori	piori	piori		avaa	antun	màk	mak	?	makmunkun	mak			atere	taun	kalamo	aitotaf	tun	batól	cou	tun	oma-óma	alo		tɯ́rə	kalo	kamo¹²w	toi¹²n	tui³n	ŋɔ	finima	battól	tun	siwerere	namadiawe	hívérèrè pàivré	túùmà	úma	emetata-ro
star	5	5	1	31	33				31		36							34	5	2	38	5	3	42	5	4	2		43	2	2	5	5	51	52	3	5	1	55	1	4	4	56
steal	takaw	takaw	manana	i-kamananapi		manana	manana				krau				namarna			menena		kamlai	lois		masulak	lous		faréus			bəna-ve	na-kámiy	bawi		wa-kablu21’i3s		fnaga			wu|mana	an mare	jéménáe	bàmàrá	marahá	
steal	52	52	2	2							36							34		37	3		41	3		45			43	32	47		49		52			2	1	59	1	1	
stone	batu	batu	rebuki	kamiai	kami	kami	kami		kami	arokmi	kèru	keru	karui / kerui	or	or			puat	pa	kapat	pāt	epat	lai	ka|pat	apat	lagéra	apat		kami	katin	pa¹²t	kapa¹²t	kapa¹²t	lɔy	bati	lalai	kapat	rewano	atu	hnù're	áakú	vá'a	bava-ro
stone	2	2	30	3	3				3		36							2	2	2	2	2	1	2	2	45	2		3	32	2	2	2	1	2	1	2	57	2	59	2	2	56
suck	səsəp	sepsep	sum	su(f)		uwupi	hup				sum, syòsěf				syum			sus	nim sus	suruf	sus, siraf		pis	sɔrɔf		fai toba'			bəsəbuse		amɔ¹²m		-a21		susi	sodas		suma	dum	dúmbrù'né	húumé	tuamà	
suck	2	2	1	2							1,2							2	2	3	2,3		42	3		45			43		47		49		2	54		1	5	5	1	1	
sun	qaləjaw	qalejaw	wor	wo	wo	wo	wo		woo	epdai		or	ori	syar	siar					mali'ti		yahan			yan		lyahan		lé	laynta(y)	la¹²¹	lyasa¹²n	lasa³n	ŋɛnŋan			lan		nahir	hórúaajè	óòrà	oro'á	oro-ro
sun	2	2	1	1	1				1											37		4			4		4		43	32	4	4	4	51			4		55	59	2	2	2
sweat			samayar			saviaŋ	hamaya								tomes					babos		mesəbot			manyobot		manyobot		rígəsə	mabot	sabo¹²t	masmasa¹²	masmasa³						mhior	mnèé'rè	ndíiké	mamanìa	
sweat			30																	1		1			1		1		43	1	1	1	1						55	59	60	50	
swell	baRəq	baReq	barbara	bebara	bebara	babara	bavara				biar				byar			fofor		saba	bos		poán	patpɔtɔn		nafafótan			nəbər|barə						abara	bos		pino	o	névíorè	rákrúukú	vavarà	
swell	1	1	1	1	1						1							34		1	38		41	42		45			1						1	38		57	1	1	60	1	
swim	naŋuy	laŋuy	as	eria	eiwai	arowoi	hau		oi		ās				as			rur	as	l-as, mas	yas	l-ah	koai	yas	w-un(u)	lagur	w-ah		kaka	la	la³s	w-a¹²s	w-a u³n		ruri	hagawil	w-a	embua	ejah	jú'rè	hípátú	áta	ate
swim	5	5	1	2	2				53		1							3	1	1	1	1	41	1	4	5	1		43	1	1	1	4		3	54	1	57	55	59	60	1	1
tail	ikuR	ikuR	sama kai	ama-daun	amakapuŋ	amakapuŋ	kapuŋ	kapuŋ	amaŋi	samdain	pura	pura	purai	apun	kopu			raʔur	ndəkamu	kalu(o)	golo	heluway	walu	kahñu	ayu	e'	ayu(o)		su	gale(y)	saba²¹ŋ	kayu(o)	kayu(o)		ikir	kaku	kayu(o)	fera	hvatun	hévúugrè	hùrúkúa	há	pu-ro, keere-ro
tail	52	52	30	31	33				53		36							34	35	7	1	40	41	42	7	45	7		43	1	47	7	7		52	54	7	57	55	55	60	50	56
ten		PAN sa-puluq	sura	sura	ura	ura	haura		sura	sur	sà-m-fur	tanfur	samfur	sanfur	safur	sampur																		yɔfɛ-sɔ				sauro	mavtedih	é'rá'é'rè	bàkí rúuhí	tàura	wansambuto
ten		1	1	1	1				1		1					1																		51				1	55	59	60	1	56
that	ina	ia, i-na	yani	manana	wani		rawani		wedani		buro				rimu			tuoto	ifɛrɛ	itana	ca	teypa	tijá	tea	ga	ifá	gi(a)		mavi	wapa	inyo	gia	gia		ine	dia	gi(a)	aimbeani	vte	jámù'è	kótà	nóna	na-yave
that	2	1,2	30	2	33				53		36							34	35	37	38	40	41	41	1	35	1		43	32	2	1	1		2	1	1	57	55	59	60	50	56
thatched roof		qatep	nandau	antarau(n)	randauŋ		nandaun		ratarau		òs				os			erar		sane	yataf		yotaf	yataf		barém			atífro		ta¹²f		a21’ta3m	yɔtɛf	sira faki-n			aka	honno	hòròvré	ákáráaníà	rà'a	matiran-do
thatched roof		2	1	2	1				1,2		36							34		37	2		2	2		45			2		2		49	2	52			2	55	55	2	2	56
thick	təlu, ma-kapal	ma-kapal	batoyar	kakuban		tepei	tapapei		biatoya		kpor				babua				mtalɔ	matɔlɔ	kapcut		kamudi	kapcit		fatóron					faŋɔ⁴¹t		-ma’to12K	n-bɛbtit	ma|kafan	kamudu		fahairi	kamo	nétrógwáe	átatóorí	vo'orinî	
thick	3,4	4	1	31					1		4								3	37	38		2	38		45					47		49	51	52	2		57	2	59	1	50	
thin	ma-nipis	ma-nipis	minis	simbena		meni	manani		sambena		mbrěkip				bua va				dasis	maglegef	mlifis		manifis	kabalal		manifin			bə|nənifə|ne		wi¹n		mas’nyi3N	n-mɛnifɛs	ma|nipis	mnihis		tako	mnieh	némníhè	máníijáhé	vera'uvà	
thin	1	1	1	2					2		36								35	37	1		1	42		1			1		47		49	1	1	1		57	1	1	1	50	
think	dəmdəm	demdem	sanepai	ene-tutiau		anewayera	hanehowo			kyarai	swar	i-twar	kokara / horkara	swaruser	suaruser			gamaŋgati	isɔarfɔ	fikir	lolam		bafikir	fikir		fi'ir			vederbono	na-wasán			ø-ba21s ’po3–ne		nanam	bafikir				núrúhérnè	nían dùuhè	taramà	paingge
think			30	31							36							34	35	37	38		37	37		37			43	32			49		52	37				59	60	50	
this	ani, ini	i-ni	nini	nini	nini	pinini	rane		nini		inè				ria	ne		tieti	inɛrɛ	t|inɛ	taie	eme	tajini	tɛnɛ	gine	iná	gine		ntíni	wane	ino	gine	gine		ige	ne	gine	maia	vne	é'è	kétè	néna	na-ni
this	1	1	1	1	1				1		1					1		34	1	1	38	40	1	1	1	1	1		1	32	1	1	1		52	1	1	57	1	59	60	1	1
three	təlu	telu	toru	bo-toru	toru	botoru	toru		botoru	botor	kior	kyor	kior	kior	kior	tori		taor	tu	tol	tol	tol	ptol	pi-tol	tul	tor	tul		tɯ́rə	tul	to³l	to³l	to³l	peɛ-tel	teni	tol	tul	oro	etro	ráuhè	kóoríhé	óró	wonti
three	1	1	1	1	1				1		1					1		1	1	1	1	1	1	1	1	1	1		1	1	1	1	1	1	1	1	1	1	1	59	1	1	56
throw			so	so	wo	yo	ho		ka		so				sori			so	tiʔ	ete	tig		abilat	tɛ		faré			me|ti	n-jokóy	de⁴¹		-se3		sai	yeit		soko	matin	vèédrè	káará	kari'ì, toà	wawi-o
throw			1	1	33				2		1							1	4	4	4		41	4		45			4	32	47		49		52	54		1	4	59	2	1,2	56
thunder	kudug	kudug	kuruya	kadidu	kaidu	kaidu	kadidiu		kandidau		kadadu				korur		wameyasiyako	dudum	alɔʔ	lɔlɔ	dub	yeʔut	dimdím	lɔlɔ	lol(o)	dúdun	lol(o)		kəlú, kərəru	lalo	na¹ tu¹²¹	lolo¹²	lolo³		dudim		lol(o)	dora-ruru	pandar	révríàjé	páríaai	kururú'a	doroBa-ro
thunder	1	1	1	3	3				3		3							4	2	2	38	40	4	2	2	4	2		1	2	47	2	2		4		2	56	55	59	60	1	56
tie		hiket	kasie	kase, awi(t)	kaei	kaei, toiwuiti	kavei	awar	kui		yaběk				pes			sir	batin	aal	pitan		soat	kapitan		sáut			mə|remte	sel	tɔ⁴¹ŋ		wa-ka’tu12	n-pitɛn	sait	halika		orana	kvut	útútnè	óokúmé	aragwì	eti-o
tie			1	1,2	1				53		36							34	35	37	35		41	35		41			43	34	47		49	35	41	54		57	55	59	60	2	56
to live	ma-qudip	ma-qudip	tenam	daran		weŋ	vihieŋ		been		keněm				vye			rarewer	wanɛʔ	bi	tub		fifia	tub		rúga			rega		pe²¹yi		wabi¹²		nais	antub		uko	tomun	ìnggàvrèé'rè	káméeté	héana	
to live			1	31					3		1							34	35	3	2		41	2		45			4		47		3		52	2		57	1	59	60	50	
today	qalejaw	qalejaw	raria nini	rakida nini (S)	anini	a nei	hani			danine		ratne / rahne?	rasine	rasrine	ras ene					manyan ene		yahan eme			yan gin		lyaha ŋin			lanyan wane	la¹²¹ino	lyasan ne	lasan gine				lan gine		noven	ójóhrá'è	áráàhtè	marasína néna	bito-ni
today			30	30	33															1		1			1		1			1	1	1	1				1		55	59	60	50	56
tongue	maya		sore tapare	tap[e]re	woreu pa	worempaŋ	watanden	watandeŋ	ore-tapare	topre	kàprer	ramar	ramar	kabrer	kaperer			ater	arɛ	taleb(o)	papleo	telebey	mimou	mamalɔ	wal(o)	yera	hal(o)		majo	ware(y)	para¹²l	ara(o)	ar(o)	pɛplɛ-o	kerir	plelo	wal(o)	mebero	mbren	tápárémbrè	níaméené	nèma	ke-peren-do, ke-voro-ro
tongue	7		1	1	33				1		5							34	48	6	3	6	41	42	2	2	46		7	2	3	48	48	3	5	3	2	55	55	1	4	4	5
tooth	ipən	ipen	dire	dere, dore	dereu	dereŋ	diain	dieŋ	doreŋ	ropan	na	nakoer	nakor	nia	nya			efe-g tutu	ilis	lifo	smo	weli	afó	kapio	alifo	rifut	alif(o)		refo	wali	pata²¹	kali³f	kalif(o)	ŋaŋ-o	nifa-n	lalho	kalif	(k)enasa	onae	néegwájè	níijé	gwòto	ke-vo-o-ro
tooth	3	3	1	1	1				1		36							34	35	3	38	2	41	42	3	3	3		3	2	47	3	3	36	3	3	3	57	55	59	60	50	56
turn		balik	sovera	bera		taweri	taveri				kaběr, kawěr				wai			suvuren	balɛk	mafu	amolol		waik	kawai		faran							waka‘fe21l ’syo3		dabanin	bale		raisara		nìpé	éekí	igwerà	
turn		1	1	1							1							34	1	37	38		41	41		45							41		52	1		57		59	60	50	
two	dua	duha	muandu	bo-ru, mandu	kodu	kodu	koiru		boru	boru	duï	turu	suru	suru	suru	dua		ru	lu	lu	(si) lu	lu	plu	pi-lu	lu	(ru)wet	lu³		rú	low	lu³	lu³	lu³	pɛ-lu	nua	p-lu	lu	woru	edih	rédúhè	rúuhí	rúró	waitiso
two	1	1	1	1	33				1		1	1	1	1	1	1		1	1	1	1	1	1	1	1	1	1		1	1	1	1	1	1	1	1	1	1	1	59	1	1	56
village		banua	aniose	munue	awa	awa	pandu		nu, awa		mènu				monu	manuai				pnu	pnu	penuw			nu		nu³		wenɯ́mə	kaliw	nu³	pnu³	pnu³					nu	nuae	núùré	nú	ramárá	bunupune
village		1	2	1	3				1,3		1					1				1	1	1			1		1		43	32	1	1	1					1	1	1	1	50	1
vomit	mutaq		mamuta	mamuta	mamuta	mamuta	mamuta			nyewi	awu	ya-worem	ya-bayorem	we-bwai	u			preʔe	lu	ogol	muta		awá	ɔgɔl		arwe'			mə|rue					wɛʔwɛ	muta	wak		koraru	mut	dùú'rè	mámúugwáké	mamuá'a	tite-yo
vomit	1		1	1	1						3							34	2	37	1		3	37		3			43					3	1	3		57	1	59	1	1	56
water	danum, waiR	danum, wahiR	maria, kambu	mereha	maria	maria	dia			marya	wār	waer	war / ware	war	war	war	embreva	wir	wɛʔ	wey	waya	wey	waya	wa	way(a)	wálar	way(a)		wérə	we	yi⁴¹	waya¹²	waya³	wɔɛ	wer	woya	way(a)	rauno, ghai	iran	nàgré	ráarámà	ràruma	dan-do
water	2,22	2,22	1	1	1						2	2	2	2	2	2	77	2	2	2	2	2	2	2	2	2	2		2	2	47	2	2	2	2	2	2	2,22	22	59	22	22	22
wet	ma-basəq	ma-baseq	vabasa	vevasa	wawa	viewa	hapapu		vavaa	pyata	dimèk	i-dok	i-dok	wekium	tinem			pʷages	malɔm	kafya	sisòŋit	melom	baloám	padped	balom(o)	abótan	balom(o)		səroere	amasut	sano¹m	malo¹²m	malo¹²m	n-mɛlom		kabús		neneno	brom	némárò	tátéerámé	hararu'î	pere-o
wet	1	1	1	1	1				1		36							34	2	37	38	2	2	42	2	45	2		43	32	47	2	2	2		54		57	2	2	60	50	56
what	sapa	apa	vitoi	fiani	petoi	pitoi	wonto		fidoe	pitome	ròseï		rosairya	romdi	romri, romna	rosai		sanane	lɛmatɔa	mane	ahai	nahapa	puí	site	(an)sagi	lafé	(an) sagya		nía	letelapa	pane²¹n	fisagia	fisa		safa	pu	(an) sagya	atano(wa)	nandie	náhmè	mòkèrà	rosé	baisa
what	1	1	30	31	33				53		2					2		4	35	4	1	1	3	2	5	1	5		43	1	4	5	5		1	1	5	57	55	59	60	2	56
where		i-nu	na toi	na-doni	na tatoi	andino	riodino		nadonie	nyanome	mòbò	io	iso	riyo	mundi	vemundi		menaye	yatɛ	tute	luā		paló	loa		minaning			néno	lote	do		te		ampe	lo (li)		wohona	nuevua	érà	méhà	vi	wate
where		55	30	2	30				53		36					39		34	35	37	1		1	1		45			43	32	47		49		52	1		57	55	59	60	50	56
white	ma-putiq	bulan, ma-putiq	vusa	bua	bua	biuwa	vewuha		bua	kinaw	piòpěr	i-pyoper	pyoper	we-pyoper	pyoper			rigigit	bus	mabos	bubuláŋ	mehbuh	bulang	kaɔak	bu(su)	ra'a-ra'a	buh		bəfútə	ambu	bu³	bu³s	bu³s	n-ɛ-mfus	iriris	bulang	bu	fako	hugbo	húabóogrè	bábúugwáhé	vehúta	pepera
white	3	2,3	1	1	1				1		36							34	1	1	2	1	2	42	1	45	1		3	1	1	1	1	3	52	2	1	57	55	55	60	3	36
who	sai	sai	tei	mantei	matei	mate auna	teina				iseï				sei	tesira		itia	matɔiwa	mape	ise	metsapa	mei	siei	mat sagi	se	mat sagya		gata	metapa	ma²¹n	misa-gia	misa		ose	alhó	mat sagya	ghare	evia	óméhà	jòkè	na'usé	iti
who	3	3	1	1	1						3					39		34	35	4	3	2	41	3	5	3	5		43	2	4	5	5		3	54	5	57	55	59	60	50	3
wide		labeR	savaveri	fyabai	tembaiŋ	teparera	vawa		saparera		(syàr)bàm								malapɔ	manapa	(m)sai		lawilua			garáfar			frifre		pla¹k		ma’na12P	n-ɛ-msɔy	taberar	mnopa		sakaro	mbrer	nérónàvè	éehí	mararenî	
wide		2	30	31	33				53		36								2	1	38		41			45			43		47		1	38	52	1		57	55	59	60	50	
wind			wana	wana	wanaŋ	wanaŋ	wanan		wana	yowor	wām	waem	wame	wam	wam			remember	wɔ	mɔrɔ	làtan	mor	moda	mɔrɔ	mor(o)	lor	mor(o)		nofə	moro	wu⁴¹	moro¹²	moro³	morɛ	diri	moda	mor(o)	wama	drin	báagrè		tìvura	wame-ro
wind			1	1	1				1		1							34	3	2	38	2	2	2	2	45	2		43	2	3	2	2	2	52	2	2	1	55	59		50	1
woman	ba-b<in>ai	b-in-ahi	vavi	vivi	wiwiŋ	wawin	wawin	vavin	vavin	iwin	bin	bien	bin / bine	vun	vun			bimbine, popin	tin	wa-bin	mapíŋ	bin	mapín	mapin	pin	mafína	pin		bəfínə	bin	wayu¹	pi³n	pi³n	pɛgelɛ	batbata	mapin	pin	bino	inggo	jèmégò	íìnà	vavin	bin-do
woman	1	1	1	1	1				1		1							1	35	1	1	1	1	1	1	1	1		1	1	47	1	1	51	52	1	1	1	1	59	1	1	1
wood/tree	kayu	kahiw	ai	ai	ai	ai	ai		ai	eai	a(i)	ai	aiknam	aiknam	amun, ai	ai		ai	a	ay(o)	ai		tokun	kai	way(o)	ai	way(o)		é	ay	ha³y	ai(o)	ai(o)	ay	kai	ai	(ga) way(o)	ai, a	ae	àjé	áì	ka'úata	ayo-ro
wood/tree	1	1	1	1	1				1		1					1		1	1	1	1		41	1	1	1	1		1	1	1	1	1	1	1	1	1	1	1	1	1	1	1
work	quma	quma	nanaripi	i-ohondomi		vekeraja, ompi	(ve)kardia				fararur				fararur	parareur		voʔit	kerja	karəjan	pei manara		hamanitap	karajan		arjang			mudəve		karya¹²n		a12N	n-pe yabɛ	kərja			rua	huanna	érèenáe	kárádíané	kardíana	
work			30	31							36					36		34	35	37	38		41	42		45			43		47		49	51	52			57	55	59	60	50	
worm	kalati	kalati	kasibui	kauboi	piaora	piaora	karapauri				arsyawèk				kasevoi			wata-gor		amato	gugulat	lelon	galét	galawai	galatol(o)	wa'arwá'ar	galah tol(o)		seye	baɟolow	hu⁴¹	agla¹²t	kok ba¹²t	gɛlat	gorgor	llet	galat lol(o)	neghaghoro	kman	màambré	ákáàkà	korová'a	katete-ro
worm	3	3	1	1	33						36							2		37	3	40	3	3	3	44	3		43	32	47	3	49	3	2	54	3	57	55	55	60	50	56
year	taqun	taqun	taune	fuina		taumi	piorihia									tahun		gare	tahun	tahun	taun		taun			úa			taun				ta21’u3N		gara	taun		ghéa	mare	jáagrè	jámà	táuna	
year	1	1	1	31												1		2	1	1	1		1			45			1				1		2	1		57	55	60	60	1	
yellow	ma-kunij	ma-kunij	nukwai	byomini	kerawi	keravi	vebotai			wyer	naniar	i-nanyaer	nare	we-werfun				kuniŋ		kamaninis	banban	menenih	madimal	bwɔŋɔl	magenini	úning	amini		tafə	amani	flu¹²ŋ	kamenini³s	kamenini³s		kining	makninis	kamini	(ni)niko	rui	múurùgré	ràúi	veranggunâ	mamasi
yellow	1	1	30	1	33						36							34		1	38	1	41	42	1	1	1		43	1	47	1	1		52	1	1	57	55	59	55	1	56
